decade,lg,tp,len_bucket,ocrqa_bucket,n
1990,fr,article,200-400,>=0.8,128079
1840,fr,article,>=800,>=0.8,73663
1830,fr,article,<200,NA,8495
1830,fr,article,>=800,>=0.8,53976
1830,fr,article,200-400,>=0.8,4169
1830,fr,article,400-600,>=0.8,4682
1830,fr,article,<200,>=0.8,2251
1830,fr,article,600-800,>=0.8,4585
1840,en,article,>=800,>=0.8,705896
1840,en,article,200-400,>=0.8,45089
1840,en,article,400-600,>=0.8,41553
1840,en,article,<200,NA,161335
1840,en,article,600-800,>=0.8,36137
1840,en,article,200-400,NA,5188
1840,en,article,600-800,NA,1600
1840,en,article,>=800,NA,6040
1840,en,article,<200,>=0.8,19326
1840,en,ad,200-400,>=0.8,625
1840,en,ad,>=800,>=0.8,11225
1840,en,ad,>=800,NA,152
1840,en,ad,200-400,NA,14
1840,en,ad,400-600,>=0.8,162
1840,en,article,>=800,0.7-0.8,22937
1840,en,ad,600-800,>=0.8,136
1840,en,article,400-600,NA,2422
1840,en,article,400-600,0.7-0.8,1832
1840,en,ad,400-600,NA,12
1840,en,ad,<200,NA,87
1850,en,article,<200,NA,236727
1850,en,article,400-600,>=0.8,67350
1850,en,article,>=800,>=0.8,850950
1850,en,ad,>=800,>=0.8,12128
1850,en,article,200-400,>=0.8,78168
1850,en,article,600-800,NA,2318
1850,en,article,600-800,>=0.8,56488
1850,en,article,<200,>=0.8,34468
1850,en,article,<200,0.7-0.8,3862
1850,en,article,>=800,0.7-0.8,31230
1850,en,article,200-400,NA,7009
1850,en,article,>=800,0.6-0.7,3708
1850,en,article,400-600,NA,3819
1850,en,article,400-600,0.7-0.8,2916
1850,en,article,200-400,0.7-0.8,4700
1850,en,article,>=800,NA,6931
1850,en,article,600-800,0.7-0.8,2288
1850,la,article,<200,NA,2
1850,en,ad,>=800,NA,70
1810,en,article,>=800,>=0.8,153757
1810,en,article,>=800,0.7-0.8,67635
1810,en,ad,>=800,0.6-0.7,583
1810,en,article,200-400,>=0.8,7877
1810,en,article,<200,>=0.8,3097
1810,en,article,<200,NA,52799
1810,en,article,<200,0.7-0.8,1384
1810,en,article,>=800,0.5-0.6,3586
1810,en,article,>=800,0.6-0.7,26822
1810,en,article,600-800,>=0.8,7271
1810,en,ad,>=800,>=0.8,2953
1810,en,article,400-600,>=0.8,7356
1810,en,ad,600-800,0.7-0.8,114
1810,en,article,200-400,0.7-0.8,2945
1810,en,ad,600-800,>=0.8,374
1810,en,ad,400-600,>=0.8,459
1810,en,article,600-800,0.6-0.7,659
1810,en,ad,>=800,0.7-0.8,1582
1810,en,article,400-600,0.7-0.8,2978
1810,en,ad,<200,NA,255
1810,en,ad,400-600,0.7-0.8,139
1810,la,article,<200,NA,1
1810,en,ad,200-400,>=0.8,619
1810,en,article,600-800,0.7-0.8,2905
1810,en,ad,<200,0.7-0.8,44
1810,en,ad,<200,>=0.8,152
1810,en,article,<200,0.5-0.6,35
1810,en,ad,200-400,0.7-0.8,122
1810,fr,article,400-600,>=0.8,1297
1810,en,article,200-400,0.6-0.7,553
1810,en,article,400-600,0.6-0.7,661
1810,en,article,<200,0.6-0.7,316
1810,en,article,>=800,<0.5,193
1810,en,ad,400-600,0.6-0.7,10
1810,en,article,600-800,0.5-0.6,41
1810,fr,article,400-600,0.7-0.8,305
1810,en,ad,>=800,NA,273
1810,fr,article,>=800,>=0.8,16080
1810,en,article,400-600,NA,930
1810,en,article,400-600,0.5-0.6,37
1810,en,article,<200,<0.5,3
1810,en,article,200-400,NA,1721
1810,en,article,600-800,<0.5,4
1810,en,article,200-400,0.5-0.6,46
1810,en,article,>=800,NA,1662
1810,en,article,400-600,<0.5,4
1810,en,article,600-800,NA,650
1810,en,ad,600-800,NA,89
1810,en,ad,400-600,NA,72
1820,en,article,<200,NA,87406
1820,en,article,>=800,>=0.8,429553
1820,en,ad,600-800,NA,77
1820,en,article,<200,>=0.8,5915
1820,en,article,600-800,0.6-0.7,237
1820,en,ad,200-400,>=0.8,552
1820,en,article,400-600,>=0.8,14879
1820,en,article,600-800,0.7-0.8,1748
1820,en,article,>=800,0.7-0.8,46750
1820,en,article,600-800,>=0.8,14891
1820,en,ad,400-600,NA,75
1820,en,article,200-400,>=0.8,15196
1820,en,ad,>=800,NA,357
1820,en,article,<200,0.7-0.8,1208
1820,en,ad,>=800,>=0.8,10002
1820,en,article,400-600,NA,1305
1820,en,ad,600-800,>=0.8,369
1820,en,article,200-400,NA,2606
1820,en,ad,400-600,>=0.8,512
1820,en,article,600-800,NA,892
1820,en,article,200-400,0.7-0.8,2325
1820,en,article,>=800,0.6-0.7,7803
1820,en,article,>=800,0.5-0.6,702
1820,en,ad,>=800,0.7-0.8,2675
1820,en,article,400-600,0.7-0.8,1948
1820,en,ad,<200,NA,223
1820,en,article,>=800,NA,2677
1820,en,ad,200-400,NA,110
1820,en,article,<200,0.6-0.7,190
1820,en,ad,<200,>=0.8,66
1820,en,article,400-600,0.6-0.7,313
1820,en,article,>=800,<0.5,154
1820,en,article,200-400,0.6-0.7,333
1820,en,ad,200-400,0.7-0.8,32
1820,en,ad,400-600,0.7-0.8,26
1820,en,ad,400-600,0.6-0.7,5
1870,en,article,>=800,>=0.8,779669
1870,en,article,<200,NA,175839
1870,en,article,<200,>=0.8,42535
1870,en,article,200-400,0.7-0.8,7482
1870,en,article,600-800,>=0.8,58769
1870,en,article,200-400,>=0.8,77303
1870,en,ad,>=800,>=0.8,11707
1870,en,article,400-600,>=0.8,68692
1870,en,article,<200,0.7-0.8,5541
1870,en,article,>=800,0.7-0.8,67576
1870,en,ad,>=800,0.7-0.8,2883
1870,en,article,200-400,NA,4478
1870,en,article,>=800,0.6-0.7,13395
1870,en,article,400-600,0.6-0.7,863
1870,en,article,200-400,0.6-0.7,1310
1870,en,article,400-600,0.7-0.8,5529
1870,en,article,<200,0.6-0.7,1198
1870,en,article,400-600,NA,2622
1870,en,article,>=800,NA,10272
1870,en,article,600-800,0.7-0.8,4778
1870,en,article,600-800,NA,1881
1870,en,article,600-800,0.6-0.7,628
1870,en,ad,<200,NA,8
1880,en,article,<200,NA,220577
1880,en,article,>=800,>=0.8,781409
1880,en,article,>=800,0.7-0.8,73364
1880,en,article,600-800,>=0.8,61908
1880,en,article,200-400,>=0.8,79986
1880,en,ad,>=800,>=0.8,8846
1880,en,article,400-600,>=0.8,72943
1880,en,article,<200,>=0.8,46077
1880,en,article,>=800,NA,10858
1880,en,article,400-600,NA,2853
1880,en,article,200-400,NA,4803
1880,en,article,200-400,0.7-0.8,10502
1880,en,article,400-600,0.7-0.8,7707
1880,en,article,>=800,0.6-0.7,13738
1880,en,article,200-400,0.6-0.7,1713
1880,en,article,<200,0.7-0.8,8396
1880,en,article,600-800,0.7-0.8,6004
1880,en,article,600-800,0.6-0.7,899
1880,en,article,<200,0.6-0.7,1895
1850,NA,article,<200,NA,4171
1850,NA,article,>=800,NA,202
1850,NA,article,400-600,NA,87
1850,NA,article,200-400,NA,140
1850,en,ad,200-400,>=0.8,447
1850,NA,article,600-800,NA,49
1850,en,article,<200,0.6-0.7,599
1850,NA,ad,200-400,NA,3
1850,NA,ad,>=800,NA,6
1850,NA,ad,<200,NA,2
1850,en,ad,400-600,>=0.8,157
1850,en,ad,600-800,0.7-0.8,5
1850,en,article,200-400,0.6-0.7,501
1850,en,article,600-800,0.6-0.7,218
1830,en,article,>=800,>=0.8,562103
1830,en,article,200-400,>=0.8,23514
1830,en,article,>=800,0.7-0.8,34387
1830,en,article,<200,>=0.8,9276
1830,en,article,<200,NA,113481
1830,en,ad,>=800,NA,356
1830,en,article,600-800,>=0.8,20792
1830,en,article,400-600,>=0.8,22211
1830,en,ad,600-800,>=0.8,193
1830,en,article,>=800,0.6-0.7,4627
1830,en,article,200-400,0.7-0.8,1934
1830,en,ad,>=800,>=0.8,10958
1830,en,article,400-600,0.7-0.8,1551
1830,en,ad,200-400,>=0.8,185
1830,en,article,400-600,NA,1928
1830,en,ad,<200,>=0.8,38
1830,en,ad,400-600,>=0.8,213
1830,en,ad,600-800,0.7-0.8,17
1830,en,article,200-400,0.6-0.7,187
1830,en,article,<200,0.7-0.8,1072
1830,en,ad,<200,NA,217
1830,en,article,200-400,NA,3785
1830,en,ad,>=800,0.7-0.8,2038
1830,en,article,400-600,0.6-0.7,153
1830,en,article,>=800,NA,4383
1830,en,article,600-800,0.6-0.7,149
1830,en,article,600-800,0.7-0.8,1199
1830,en,ad,200-400,0.7-0.8,12
1830,la,article,>=800,NA,11
1830,en,ad,400-600,0.7-0.8,9
1830,en,article,600-800,NA,1074
1830,en,ad,200-400,NA,60
1830,en,ad,400-600,NA,38
1830,en,ad,400-600,0.6-0.7,4
1830,en,ad,>=800,0.6-0.7,114
1830,en,ad,<200,0.7-0.8,4
1830,en,article,<200,0.6-0.7,185
1870,en,article,<200,0.5-0.6,178
1880,en,ad,>=800,0.7-0.8,4392
1880,en,article,<200,0.5-0.6,286
1880,en,article,600-800,NA,1879
1880,en,article,400-600,0.6-0.7,1034
1880,en,article,400-600,0.5-0.6,52
1880,en,article,200-400,0.5-0.6,113
1880,en,ad,>=800,0.6-0.7,770
1880,en,article,<200,<0.5,49
1880,en,article,>=800,0.5-0.6,629
1880,en,article,600-800,0.5-0.6,30
1890,en,article,>=800,>=0.8,760713
1890,en,article,<200,NA,227966
1890,en,article,600-800,>=0.8,86026
1890,en,article,400-600,>=0.8,104953
1890,en,article,>=800,0.7-0.8,99540
1890,en,article,200-400,>=0.8,104580
1890,en,ad,>=800,>=0.8,7756
1890,en,article,400-600,0.7-0.8,14606
1890,en,article,600-800,0.7-0.8,11646
1890,en,article,200-400,0.7-0.8,18565
1890,en,article,<200,0.7-0.8,12440
1890,en,article,>=800,0.6-0.7,24377
1890,en,article,400-600,0.6-0.7,2518
1890,en,article,<200,>=0.8,55883
1890,en,article,400-600,NA,3107
1890,en,article,200-400,NA,5096
1890,en,article,600-800,0.6-0.7,1989
1890,en,article,>=800,NA,8906
1890,en,article,200-400,0.6-0.7,3811
1890,en,article,<200,0.6-0.7,3234
1890,en,article,200-400,0.5-0.6,243
1890,en,ad,>=800,0.7-0.8,4163
1890,en,article,600-800,NA,1898
1890,en,article,<200,0.5-0.6,511
1840,en,article,200-400,0.7-0.8,2494
1840,en,article,600-800,0.7-0.8,1288
1840,en,article,<200,0.7-0.8,2199
1840,la,article,>=800,NA,50
1840,en,article,<200,0.6-0.7,317
1840,en,article,>=800,0.6-0.7,2774
1840,en,ad,>=800,0.7-0.8,577
1840,fr,article,<200,>=0.8,3347
1860,en,article,<200,NA,196077
1860,en,article,>=800,>=0.8,858193
1860,en,article,200-400,>=0.8,76088
1860,en,article,200-400,NA,5858
1860,en,article,600-800,NA,1752
1860,en,article,600-800,>=0.8,54620
1860,en,ad,>=800,>=0.8,14778
1860,en,article,>=800,0.7-0.8,37957
1860,en,article,400-600,>=0.8,64528
1860,en,article,>=800,NA,7550
1860,en,article,<200,>=0.8,27883
1860,en,article,400-600,NA,2988
1860,en,article,200-400,0.7-0.8,4771
1860,en,article,400-600,0.7-0.8,3276
1860,en,ad,>=800,0.7-0.8,2499
1860,en,article,600-800,0.6-0.7,345
1860,en,article,<200,0.7-0.8,3241
1860,en,article,>=800,0.6-0.7,6796
1860,en,article,600-800,0.7-0.8,2681
1860,en,article,<200,0.6-0.7,625
1870,en,article,>=800,0.5-0.6,739
1870,en,ad,>=800,0.5-0.6,54
1870,en,article,400-600,0.5-0.6,52
1870,en,article,600-800,0.5-0.6,37
1870,en,ad,>=800,0.6-0.7,748
1870,en,article,200-400,0.5-0.6,105
1870,en,ad,>=800,NA,51
1880,en,article,200-400,<0.5,11
1860,en,article,<200,0.5-0.6,85
1860,en,article,400-600,0.6-0.7,432
1860,en,article,200-400,0.6-0.7,682
1860,cy,article,>=800,NA,40
1870,en,article,>=800,<0.5,77
1870,en,ad,400-600,>=0.8,28
1870,en,ad,600-800,>=0.8,32
1870,en,ad,<200,>=0.8,80
1850,en,ad,600-800,>=0.8,145
1850,en,ad,>=800,0.7-0.8,1132
1850,en,article,400-600,0.6-0.7,292
1850,cy,article,>=800,NA,16
1850,en,ad,<200,NA,98
1850,en,ad,>=800,0.5-0.6,31
1850,en,article,400-600,<0.5,5
1850,en,article,>=800,0.5-0.6,344
1850,en,article,>=800,<0.5,99
1850,en,ad,>=800,0.6-0.7,311
1850,fr,article,>=800,>=0.8,118024
1850,en,article,600-800,0.5-0.6,14
1860,en,article,>=800,0.5-0.6,939
1860,en,ad,>=800,0.6-0.7,407
1900,NA,article,<200,NA,2754
1900,en,article,200-400,>=0.8,64836
1900,en,article,<200,>=0.8,36059
1900,NA,ad,>=800,NA,14
1900,en,article,>=800,>=0.8,456182
1900,en,article,400-600,>=0.8,63771
1900,NA,article,>=800,NA,254
1900,NA,article,200-400,NA,117
1900,NA,article,400-600,NA,39
1900,en,ad,>=800,>=0.8,2975
1900,en,article,600-800,0.7-0.8,9244
1900,en,article,>=800,0.7-0.8,74192
1900,en,article,600-800,>=0.8,58010
1900,en,article,<200,0.7-0.8,9243
1900,en,article,400-600,0.7-0.8,11221
1900,en,article,200-400,0.7-0.8,14040
1900,NA,article,600-800,NA,29
1900,en,ad,>=800,0.7-0.8,2389
1900,en,article,200-400,0.6-0.7,2977
1900,cy,article,>=800,NA,21
1900,cy,article,400-600,NA,2
1900,en,article,>=800,0.6-0.7,15170
1900,cy,article,200-400,NA,2
1900,cy,article,600-800,NA,3
1900,en,article,600-800,0.6-0.7,1550
1860,en,article,>=800,<0.5,150
1860,en,ad,>=800,NA,50
1860,en,ad,>=800,0.5-0.6,54
1860,en,article,<200,<0.5,12
1860,en,article,600-800,0.5-0.6,21
1870,en,article,<200,<0.5,24
1870,en,article,200-400,<0.5,10
1880,en,ad,200-400,>=0.8,223
1890,en,article,>=800,0.5-0.6,765
1890,en,ad,<200,NA,14
1890,en,ad,<200,>=0.8,99
1880,en,article,>=800,<0.5,38
1890,en,ad,>=800,0.6-0.7,1091
1890,en,article,400-600,0.5-0.6,78
1890,en,article,<200,<0.5,67
1890,en,ad,>=800,0.5-0.6,283
1890,en,article,600-800,0.5-0.6,52
1890,en,ad,>=800,NA,66
1890,en,article,>=800,<0.5,40
1900,en,article,<200,NA,143195
1900,en,article,<200,0.6-0.7,2554
1900,en,article,200-400,NA,3851
1900,en,article,<200,0.5-0.6,373
1900,en,ad,>=800,0.6-0.7,1084
1900,en,article,>=800,NA,5046
1900,en,article,400-600,0.6-0.7,1960
1900,en,article,200-400,0.5-0.6,180
1900,en,article,600-800,NA,1392
1900,en,article,400-600,NA,2190
1900,en,article,>=800,0.5-0.6,531
1900,en,ad,>=800,0.5-0.6,239
1900,en,article,600-800,0.5-0.6,45
1900,en,article,200-400,<0.5,21
1900,en,article,400-600,0.5-0.6,58
1900,en,article,<200,<0.5,37
1900,fi,article,400-600,NA,1
1900,fi,article,<200,NA,1
1900,de,article,<200,0.7-0.8,1981
1870,la,article,>=800,NA,292
1870,la,article,600-800,NA,28
1880,la,article,<200,NA,9
1880,en,ad,>=800,0.5-0.6,10
1880,la,article,>=800,NA,205
1880,la,article,400-600,NA,26
1890,la,article,200-400,NA,264
1890,en,article,600-800,<0.5,4
1890,en,article,200-400,<0.5,31
1890,la,article,600-800,NA,199
1890,la,article,400-600,NA,260
1890,la,article,>=800,NA,1028
1890,la,article,<200,NA,28
1890,en,ad,400-600,0.7-0.8,13
1890,la,ad,>=800,NA,3
1890,la,ad,600-800,NA,1
1890,en,ad,>=800,<0.5,15
1890,en,ad,600-800,0.7-0.8,4
1900,la,article,200-400,NA,271
1900,la,article,>=800,NA,932
1900,la,article,400-600,NA,263
1900,la,article,600-800,NA,194
1900,la,article,<200,NA,24
1900,en,ad,200-400,NA,2
1900,en,ad,<200,NA,15
1900,la,ad,>=800,NA,2
1900,en,article,600-800,<0.5,4
1900,en,article,400-600,<0.5,4
1900,en,ad,200-400,>=0.8,140
1900,en,article,>=800,<0.5,118
1900,en,ad,>=800,NA,57
1900,en,ad,<200,>=0.8,90
1900,en,ad,200-400,0.7-0.8,28
1900,en,ad,200-400,0.5-0.6,3
1830,en,article,<200,<0.5,1
1840,NA,article,<200,NA,9317
1840,NA,ad,>=800,NA,27
1840,NA,ad,<200,NA,10
1840,NA,article,200-400,NA,532
1840,NA,article,600-800,NA,184
1840,NA,article,>=800,NA,1263
1840,NA,ad,600-800,NA,2
1830,NA,article,<200,NA,3938
1830,NA,article,200-400,NA,214
1830,en,article,>=800,0.5-0.6,250
1830,NA,article,>=800,NA,123
1840,de,article,>=800,0.7-0.8,14919
1840,en,article,<200,0.5-0.6,24
1840,en,article,200-400,0.6-0.7,254
1840,en,article,>=800,0.5-0.6,248
1840,en,article,400-600,0.6-0.7,142
1840,en,ad,<200,>=0.8,426
1840,en,article,600-800,0.6-0.7,105
1850,en,ad,<200,>=0.8,382
1850,cy,article,<200,NA,5
1850,fr,article,600-800,>=0.8,9194
1850,fr,article,<200,>=0.8,5825
1840,en,article,>=800,<0.5,43
1850,en,article,<200,0.5-0.6,79
1850,fr,article,400-600,>=0.8,11472
1850,en,article,400-600,0.5-0.6,22
1860,NA,article,<200,NA,3824
1860,fr,article,600-800,>=0.8,17322
1860,NA,article,200-400,NA,186
1860,NA,article,600-800,NA,105
1860,NA,article,400-600,NA,184
1860,NA,article,>=800,NA,320
1860,en,ad,200-400,>=0.8,227
1880,en,ad,>=800,NA,61
1890,en,article,400-600,<0.5,4
1890,en,ad,200-400,>=0.8,194
1880,de,article,<200,0.7-0.8,4202
1830,NA,article,600-800,NA,42
1830,NA,article,400-600,NA,91
1820,en,article,<200,0.5-0.6,19
1820,en,ad,>=800,0.6-0.7,170
1820,en,article,400-600,0.5-0.6,11
1860,en,ad,400-600,>=0.8,70
1860,en,article,400-600,0.5-0.6,24
1860,en,ad,200-400,NA,4
1800,en,article,>=800,0.7-0.8,87325
1800,en,article,<200,NA,48964
1800,en,article,>=800,0.6-0.7,63940
1800,en,article,600-800,>=0.8,7491
1800,en,article,600-800,0.7-0.8,3888
1800,en,ad,>=800,>=0.8,2021
1800,en,article,<200,0.7-0.8,1329
1800,en,article,>=800,>=0.8,80186
1800,en,article,<200,>=0.8,3081
1800,en,article,200-400,>=0.8,8385
1800,en,article,200-400,0.7-0.8,3434
1800,en,article,200-400,NA,1642
1800,en,article,400-600,>=0.8,7688
1800,en,article,200-400,0.6-0.7,828
1800,en,article,600-800,0.6-0.7,1066
1800,en,article,>=800,NA,1666
1800,en,ad,>=800,0.7-0.8,2335
1800,en,article,>=800,0.5-0.6,14036
1800,en,article,400-600,NA,838
1800,en,article,400-600,0.7-0.8,3668
1800,en,article,400-600,0.6-0.7,909
1800,en,article,600-800,0.5-0.6,86
1800,en,ad,>=800,NA,317
1800,en,article,600-800,NA,531
1800,en,ad,600-800,>=0.8,291
1800,en,ad,>=800,0.6-0.7,1628
1800,en,ad,400-600,>=0.8,343
1800,en,article,<200,0.6-0.7,314
1800,en,ad,600-800,0.7-0.8,150
1800,en,ad,<200,0.7-0.8,26
1800,en,ad,<200,>=0.8,106
1800,en,ad,400-600,0.7-0.8,178
1800,en,article,200-400,0.5-0.6,46
1800,en,article,<200,0.5-0.6,48
1800,en,ad,<200,NA,206
1800,en,ad,200-400,>=0.8,372
1800,la,article,200-400,NA,1
1810,en,ad,<200,0.6-0.7,13
1820,en,article,600-800,0.5-0.6,19
1820,en,ad,>=800,0.5-0.6,14
1820,en,article,200-400,0.5-0.6,21
1800,en,ad,600-800,NA,81
1810,en,ad,200-400,NA,132
1820,en,ad,200-400,0.6-0.7,7
1820,it,article,200-400,NA,2
1820,en,ad,600-800,0.7-0.8,26
1820,NA,article,200-400,NA,283
1820,NA,article,<200,NA,5818
1820,NA,article,600-800,NA,50
1820,NA,article,>=800,NA,242
1820,NA,article,400-600,NA,116
1820,NA,ad,200-400,NA,18
1840,NA,article,400-600,NA,249
1860,en,article,200-400,0.5-0.6,49
1880,en,ad,600-800,>=0.8,27
1880,en,ad,<200,NA,18
1880,en,ad,400-600,>=0.8,45
1880,fr,article,200-400,>=0.8,98999
1820,NA,ad,<200,NA,12
1820,NA,ad,400-600,NA,8
1870,NA,article,<200,NA,6276
1870,NA,article,200-400,NA,184
1870,NA,ad,<200,NA,4
1870,en,ad,200-400,>=0.8,79
1870,NA,article,>=800,NA,692
1870,NA,article,600-800,NA,72
1870,NA,article,400-600,NA,80
1870,NA,ad,>=800,NA,45
1830,NA,ad,>=800,NA,49
1830,NA,ad,600-800,NA,2
1830,NA,ad,400-600,NA,2
1830,NA,ad,<200,NA,1
1880,en,ad,<200,>=0.8,105
1890,en,ad,400-600,NA,2
1890,en,ad,200-400,NA,3
1900,en,ad,400-600,>=0.8,28
1830,it,article,>=800,NA,2
1840,la,article,400-600,NA,7
1860,cy,article,600-800,NA,13
1860,cy,article,<200,NA,9
1860,cy,article,200-400,NA,23
1860,cy,article,400-600,NA,19
1870,cy,article,200-400,NA,70
1870,cy,article,>=800,NA,106
1870,cy,article,<200,NA,50
1870,cy,article,400-600,NA,15
1870,cy,article,600-800,NA,12
1880,cy,article,200-400,NA,48
1880,cy,article,400-600,NA,19
1880,cy,article,>=800,NA,190
1880,cy,article,600-800,NA,32
1880,cy,article,<200,NA,36
1890,cy,article,<200,NA,16
1890,cy,article,>=800,NA,67
1890,cy,article,400-600,NA,8
1890,cy,article,600-800,NA,8
1810,fr,article,200-400,>=0.8,995
1870,fr,article,200-400,>=0.8,44551
1870,tl,article,200-400,NA,3
1840,en,ad,600-800,NA,7
1840,it,article,<200,NA,5
1840,en,article,200-400,0.5-0.6,10
1840,en,ad,>=800,0.6-0.7,34
1840,en,article,400-600,0.5-0.6,10
1800,en,ad,400-600,0.6-0.7,8
1800,en,ad,600-800,0.6-0.7,14
1820,en,ad,<200,0.7-0.8,4
1820,NA,ad,600-800,NA,6
1870,de,article,<200,0.7-0.8,2348
1870,fr,article,<200,>=0.8,19668
1860,es,article,600-800,NA,1
1860,de,article,>=800,>=0.8,42865
1860,fr,article,200-400,>=0.8,27918
1860,it,article,>=800,NA,13
1860,fr,article,400-600,>=0.8,20264
1860,fr,article,<200,>=0.8,17405
1860,fr,article,200-400,0.6-0.7,832
1860,fr,article,200-400,0.7-0.8,2579
1860,fr,article,>=800,>=0.8,195332
1860,fr,article,600-800,0.7-0.8,1901
1860,fr,article,<200,0.7-0.8,1543
1860,fr,article,>=800,0.7-0.8,15292
1860,it,article,<200,NA,9
1860,es,article,200-400,NA,1
1860,fr,article,400-600,0.7-0.8,2125
1870,fr,article,>=800,>=0.8,295333
1870,fr,article,600-800,>=0.8,24567
1870,fr,article,400-600,>=0.8,31898
1870,fr,article,>=800,0.7-0.8,27110
1870,fr,article,400-600,0.7-0.8,3226
1870,fr,article,600-800,0.7-0.8,3370
1870,es,article,>=800,NA,4
1870,fr,article,<200,0.7-0.8,2816
1870,fr,article,200-400,0.7-0.8,4042
1850,en,article,200-400,0.5-0.6,35
1850,en,article,<200,<0.5,6
1860,en,ad,<200,NA,14
1860,en,ad,600-800,NA,1
1880,fi,article,400-600,NA,2
1880,en,ad,600-800,0.6-0.7,2
1880,en,ad,600-800,0.7-0.8,7
1880,en,ad,200-400,0.7-0.8,47
1880,es,article,200-400,NA,1
1850,fr,article,400-600,0.7-0.8,1821
1850,fr,article,200-400,>=0.8,12734
1850,it,article,200-400,NA,6
1850,de,article,400-600,>=0.8,2210
1850,de,article,200-400,>=0.8,2665
1850,de,article,200-400,0.7-0.8,2445
1850,it,article,<200,NA,7
1860,it,article,200-400,NA,14
1860,it,article,400-600,NA,4
1860,de,article,<200,0.6-0.7,1457
1870,en,ad,>=800,<0.5,7
1840,fr,article,600-800,0.7-0.8,816
1840,de,article,<200,>=0.8,734
1840,fr,article,400-600,>=0.8,7339
1850,la,article,>=800,NA,31
1850,de,article,>=800,0.7-0.8,23597
1850,it,article,>=800,NA,2
1810,NA,article,<200,NA,3680
1810,NA,article,200-400,NA,29
1810,NA,article,400-600,NA,21
1810,NA,article,>=800,NA,26
1810,NA,ad,400-600,NA,5
1850,la,article,400-600,NA,2
1840,fr,article,200-400,>=0.8,6788
1800,en,ad,>=800,0.5-0.6,1447
1800,en,ad,200-400,NA,84
1800,en,article,400-600,0.5-0.6,48
1800,en,ad,200-400,0.7-0.8,125
1800,en,article,>=800,<0.5,548
1810,en,ad,600-800,0.6-0.7,10
1820,fr,article,>=800,>=0.8,28761
1840,en,ad,600-800,0.7-0.8,3
1840,it,article,400-600,NA,2
1840,la,article,600-800,NA,2
1800,en,ad,400-600,NA,62
1810,en,ad,>=800,0.5-0.6,203
1820,fr,article,200-400,>=0.8,1727
1870,es,article,200-400,NA,2
1840,en,article,600-800,0.5-0.6,7
1820,en,article,600-800,<0.5,4
1820,en,article,<200,<0.5,1
1800,en,ad,200-400,0.6-0.7,22
1800,en,ad,>=800,<0.5,62
1800,en,article,<200,<0.5,3
1800,en,article,200-400,<0.5,2
1800,en,article,400-600,<0.5,2
1810,la,article,>=800,NA,4
1840,en,ad,400-600,0.7-0.8,1
1840,en,ad,>=800,0.5-0.6,2
1820,fr,article,400-600,0.7-0.8,403
1900,fr,article,200-400,0.6-0.7,3445
1850,en,ad,200-400,0.6-0.7,18
1850,en,ad,200-400,0.7-0.8,197
1820,NA,ad,>=800,NA,51
1870,it,article,200-400,NA,15
1870,it,article,400-600,NA,10
1870,it,article,<200,NA,4
1870,de,article,>=800,>=0.8,44684
1870,de,article,600-800,0.7-0.8,2555
1870,de,article,400-600,>=0.8,3553
1870,de,article,600-800,>=0.8,2866
1870,fr,article,200-400,0.6-0.7,916
1870,de,article,400-600,0.6-0.7,2769
1870,de,article,<200,0.5-0.6,2114
1870,de,article,<200,>=0.8,3344
1870,it,article,>=800,NA,9
1880,de,article,<200,>=0.8,4302
1880,fr,article,<200,>=0.8,51688
1880,fr,article,>=800,0.7-0.8,38749
1890,cy,article,200-400,NA,8
1830,fr,article,>=800,0.7-0.8,2642
1870,de,article,200-400,0.5-0.6,3385
1870,de,article,200-400,0.6-0.7,4450
1870,de,article,>=800,0.7-0.8,41795
1870,de,article,400-600,0.5-0.6,2215
1840,cy,article,400-600,NA,1
1860,NA,ad,>=800,NA,4
1880,en,ad,200-400,NA,3
1880,en,ad,400-600,NA,1
1870,en,ad,400-600,NA,1
1870,en,ad,<200,0.7-0.8,4
1870,en,ad,200-400,NA,2
1810,tl,article,200-400,NA,1
1810,en,ad,>=800,<0.5,18
1860,en,article,200-400,<0.5,18
1890,eo,article,200-400,NA,1
1900,fr,article,<200,0.7-0.8,10358
1860,en,ad,>=800,<0.5,5
1860,tl,article,200-400,NA,9
1860,tl,article,400-600,NA,1
1860,tl,article,<200,NA,2
1870,tl,article,<200,NA,1
1830,en,article,<200,0.5-0.6,23
1830,la,article,400-600,NA,1
1830,en,article,600-800,0.5-0.6,7
1830,en,article,200-400,0.5-0.6,13
1820,la,article,200-400,NA,2
1830,en,article,400-600,0.5-0.6,6
1830,en,ad,>=800,0.5-0.6,6
1830,en,article,>=800,<0.5,176
1830,fr,article,200-400,0.7-0.8,333
1830,de,article,<200,0.7-0.8,274
1830,en,ad,>=800,<0.5,3
1830,en,ad,600-800,NA,15
1850,en,article,200-400,<0.5,2
1850,de,article,>=800,>=0.8,29602
1850,fr,article,>=800,0.7-0.8,10817
1850,es,article,>=800,NA,1
1850,de,article,<200,>=0.8,1382
1860,de,article,<200,>=0.8,2389
1760,en,article,>=800,0.7-0.8,372
1760,en,article,>=800,>=0.8,78
1760,en,article,600-800,>=0.8,18
1760,en,article,<200,>=0.8,18
1760,en,article,400-600,0.7-0.8,8
1760,en,article,<200,NA,205
1760,en,article,600-800,0.7-0.8,15
1760,en,article,<200,0.7-0.8,6
1760,en,article,200-400,>=0.8,24
1760,en,article,400-600,>=0.8,17
1760,en,article,>=800,0.6-0.7,189
1760,en,article,>=800,NA,7
1760,en,article,200-400,0.7-0.8,13
1760,en,ad,>=800,>=0.8,6
1760,en,article,200-400,NA,5
1760,en,article,<200,0.6-0.7,1
1870,NA,ad,200-400,NA,2
1800,fr,article,200-400,0.7-0.8,331
1800,fr,article,600-800,0.7-0.8,42
1810,es,article,200-400,NA,1
1810,en,ad,200-400,0.6-0.7,16
1810,fr,article,>=800,0.7-0.8,2332
1810,es,article,<200,NA,1
1820,en,ad,<200,0.6-0.7,1
1840,en,article,200-400,<0.5,1
1840,fr,article,600-800,>=0.8,6002
1840,en,article,<200,<0.5,1
1850,en,ad,200-400,NA,5
1850,es,article,400-600,NA,1
1850,fr,article,200-400,0.7-0.8,2080
1850,en,ad,400-600,0.7-0.8,4
1850,en,ad,600-800,NA,7
1850,en,ad,400-600,NA,6
1850,en,ad,<200,0.7-0.8,225
1860,en,ad,600-800,>=0.8,56
1860,en,ad,400-600,NA,3
1860,en,ad,400-600,0.7-0.8,3
1820,es,article,>=800,NA,1
1820,la,article,>=800,NA,4
1820,fr,article,600-800,>=0.8,2443
1820,en,article,400-600,<0.5,2
1830,de,article,<200,>=0.8,188
1830,la,article,200-400,NA,2
1890,en,ad,600-800,>=0.8,12
1860,de,article,200-400,0.6-0.7,2795
1860,de,article,200-400,0.5-0.6,1120
1860,de,article,200-400,0.7-0.8,4221
1860,la,article,200-400,NA,5
1830,pt,article,200-400,NA,2
1830,de,article,400-600,>=0.8,202
1840,pt,article,200-400,NA,2
1840,en,article,600-800,<0.5,1
1810,de,article,<200,<0.5,14
1810,de,article,<200,>=0.8,36
1810,de,article,<200,0.7-0.8,31
1880,en,article,600-800,<0.5,1
1840,id,article,200-400,NA,1
1830,fr,article,>=800,0.6-0.7,729
1800,fr,article,>=800,0.6-0.7,135
1800,la,article,<200,NA,1
1800,fr,article,<200,>=0.8,273
1800,fr,article,200-400,>=0.8,476
1800,es,article,>=800,NA,1
1800,cy,article,200-400,NA,2
1800,fr,article,400-600,0.7-0.8,63
1820,en,article,200-400,<0.5,1
1830,fr,article,600-800,0.7-0.8,487
1840,cy,article,>=800,NA,1
1840,it,article,200-400,NA,3
1840,de,article,>=800,<0.5,327
1850,la,article,200-400,NA,1
1860,la,article,>=800,NA,15
1860,en,article,400-600,<0.5,3
1860,pl,article,>=800,NA,1
1850,de,article,<200,0.7-0.8,1200
1850,fr,article,<200,0.6-0.7,261
1860,fr,article,400-600,0.6-0.7,646
1860,fr,article,400-600,0.5-0.6,127
1860,en,ad,200-400,0.7-0.8,98
1860,la,article,400-600,NA,1
1860,en,article,600-800,<0.5,1
1840,NA,ad,400-600,NA,1
1810,NA,ad,<200,NA,4
1810,NA,article,600-800,NA,4
1850,de,article,400-600,0.6-0.7,1508
1870,en,article,400-600,<0.5,2
1880,en,article,400-600,<0.5,2
1890,de,article,<200,0.7-0.8,2681
1820,la,article,600-800,NA,1
1820,fr,article,<200,>=0.8,879
1820,fr,article,400-600,>=0.8,2422
1820,fr,article,>=800,0.6-0.7,576
1860,la,article,<200,NA,2
1840,it,article,>=800,NA,1
1800,fr,article,600-800,>=0.8,238
1800,la,article,>=800,NA,5
1800,fr,article,<200,0.7-0.8,90
1800,en,ad,<200,0.6-0.7,1
1800,fr,article,400-600,>=0.8,281
1800,fr,article,>=800,>=0.8,1813
1820,la,article,<200,NA,1
1810,NA,ad,600-800,NA,1
1810,fr,article,<200,>=0.8,452
1810,fr,article,<200,0.7-0.8,84
1810,en,ad,<200,0.5-0.6,1
1810,en,ad,200-400,0.5-0.6,1
1800,fr,article,>=800,0.7-0.8,1008
1850,cy,article,200-400,NA,4
1900,pl,article,<200,NA,3
1810,la,article,200-400,NA,1
1810,la,article,600-800,NA,1
1880,it,article,<200,NA,4
1880,de,article,<200,0.6-0.7,3811
1890,it,article,<200,NA,10
1840,it,article,600-800,NA,1
1870,la,article,400-600,NA,29
1870,la,article,<200,NA,13
1870,en,article,600-800,<0.5,1
1850,cy,article,400-600,NA,1
1850,en,article,600-800,<0.5,1
1900,en,ad,600-800,NA,2
1900,en,ad,400-600,NA,1
1760,en,article,400-600,NA,2
1760,en,article,>=800,0.5-0.6,8
1760,en,ad,200-400,0.7-0.8,3
1760,la,article,>=800,NA,1
1760,en,ad,>=800,0.6-0.7,1
1760,en,article,600-800,NA,2
1760,en,article,600-800,0.6-0.7,1
1760,en,ad,600-800,>=0.8,2
1760,en,ad,200-400,>=0.8,4
1760,en,ad,>=800,0.7-0.8,4
1760,en,ad,600-800,0.6-0.7,2
1770,en,article,200-400,0.7-0.8,5
1770,en,article,>=800,0.6-0.7,35
1770,en,article,<200,NA,60
1770,en,article,200-400,0.6-0.7,2
1770,en,article,>=800,0.7-0.8,121
1770,en,article,>=800,>=0.8,26
1770,en,article,600-800,0.7-0.8,9
1770,en,article,<200,0.7-0.8,5
1770,en,article,200-400,>=0.8,6
1770,en,article,400-600,0.7-0.8,3
1770,en,article,400-600,0.6-0.7,2
1770,en,ad,200-400,>=0.8,1
1770,en,article,600-800,>=0.8,5
1770,en,article,400-600,>=0.8,5
1770,en,article,>=800,0.5-0.6,1
1770,en,article,<200,>=0.8,1
1780,en,article,>=800,0.7-0.8,44
1780,en,article,200-400,0.7-0.8,1
1780,en,article,200-400,>=0.8,4
1780,en,article,<200,NA,9
1780,en,article,600-800,0.7-0.8,5
1780,en,article,>=800,0.6-0.7,3
1780,en,article,>=800,>=0.8,13
1780,en,article,400-600,0.7-0.8,2
1780,en,ad,200-400,>=0.8,1
1780,en,ad,>=800,>=0.8,2
1780,en,article,600-800,0.6-0.7,2
1790,en,article,>=800,0.7-0.8,2617
1790,en,ad,>=800,>=0.8,6
1790,en,article,>=800,>=0.8,524
1790,en,article,<200,>=0.8,77
1790,en,article,<200,NA,645
1790,en,article,600-800,>=0.8,112
1790,en,article,400-600,0.7-0.8,131
1790,en,article,200-400,>=0.8,138
1790,en,article,400-600,>=0.8,129
1790,en,article,>=800,NA,5
1790,en,ad,>=800,0.7-0.8,56
1790,en,article,>=800,0.6-0.7,555
1790,en,article,600-800,0.7-0.8,137
1790,en,article,<200,0.7-0.8,28
1790,en,article,200-400,0.7-0.8,60
1790,en,article,200-400,NA,17
1790,en,article,200-400,0.6-0.7,13
1790,en,article,400-600,0.6-0.7,20
1790,en,article,>=800,0.5-0.6,15
1790,en,ad,>=800,NA,1
1790,en,article,<200,0.5-0.6,2
1790,en,article,600-800,NA,5
1790,en,article,600-800,0.6-0.7,25
1790,en,ad,600-800,0.6-0.7,2
1790,en,ad,>=800,0.6-0.7,12
1790,en,ad,600-800,0.7-0.8,7
1790,en,ad,400-600,0.7-0.8,3
1790,en,ad,600-800,>=0.8,5
1790,en,article,<200,0.6-0.7,7
1790,en,ad,400-600,>=0.8,12
1790,en,ad,200-400,>=0.8,9
1790,en,ad,<200,>=0.8,2
1790,en,ad,200-400,0.7-0.8,5
1790,en,article,400-600,NA,4
1790,en,article,600-800,0.5-0.6,4
1790,en,ad,<200,0.6-0.7,1
1790,en,article,400-600,0.5-0.6,1
1860,en,ad,<200,>=0.8,147
1820,fr,article,200-400,0.7-0.8,236
1830,en,article,400-600,<0.5,2
1830,de,article,200-400,>=0.8,259
1830,id,article,<200,NA,1
1840,la,article,200-400,NA,7
1890,en,ad,200-400,0.7-0.8,42
1850,en,ad,>=800,<0.5,1
1880,NA,article,<200,NA,1783
1880,NA,ad,<200,NA,1
1880,NA,ad,>=800,NA,1
1880,NA,article,200-400,NA,53
1880,NA,article,>=800,NA,58
1880,NA,article,400-600,NA,32
1860,sv,article,<200,NA,1
1860,ms,article,200-400,NA,1
1830,es,article,200-400,NA,1
1830,en,article,200-400,<0.5,2
1830,pl,article,>=800,NA,1
1880,fr,article,<200,0.6-0.7,1116
1880,nb,article,<200,NA,1
1880,fr,article,<200,0.5-0.6,207
1880,fr,article,<200,0.7-0.8,4741
1900,fr,article,<200,>=0.8,62670
1900,en,ad,>=800,<0.5,1
1870,et,article,<200,NA,1
1870,tl,article,600-800,NA,3
1800,NA,article,<200,NA,1098
1800,NA,article,200-400,NA,28
1800,NA,article,>=800,NA,19
1800,NA,ad,200-400,NA,5
1800,NA,article,400-600,NA,12
1800,NA,article,600-800,NA,10
1800,NA,ad,400-600,NA,2
1800,cy,article,>=800,NA,1
1810,NA,ad,>=800,NA,3
1900,en,ad,600-800,0.7-0.8,2
1870,en,ad,600-800,NA,2
1870,en,ad,600-800,0.7-0.8,1
1870,en,ad,200-400,0.7-0.8,12
1870,en,ad,600-800,0.6-0.7,1
1870,en,ad,400-600,0.6-0.7,2
1870,en,ad,200-400,0.6-0.7,1
1880,en,ad,200-400,0.6-0.7,14
1880,en,ad,<200,0.7-0.8,13
1880,en,ad,400-600,0.7-0.8,13
1880,en,ad,400-600,0.6-0.7,2
1890,en,ad,600-800,NA,1
1890,en,ad,400-600,>=0.8,45
1880,NA,article,600-800,NA,10
1910,fr,article,>=800,>=0.8,1099880
1910,fr,ad,<200,NA,94952
1910,fr,article,400-600,>=0.8,178974
1910,fr,article,600-800,>=0.8,141343
1910,fr,article,<200,>=0.8,99082
1910,fr,article,200-400,>=0.8,213461
1910,fr,article,>=800,0.7-0.8,115827
1910,en,article,>=800,>=0.8,530
1910,fr,article,600-800,0.7-0.8,13524
1910,fr,article,<200,NA,101773
1910,fr,ad,<200,>=0.8,111782
1910,fr,article,200-400,0.7-0.8,21907
1910,fr,ad,>=800,>=0.8,127451
1910,fr,ad,200-400,>=0.8,196995
1910,fr,article,<200,0.7-0.8,14177
1910,fr,ad,200-400,0.7-0.8,55583
1910,fr,ad,<200,0.7-0.8,36634
1910,fr,ad,>=800,0.7-0.8,62161
1910,fr,ad,600-800,0.6-0.7,3995
1910,fr,ad,400-600,>=0.8,93845
1910,fr,ad,600-800,>=0.8,50913
1910,fr,ad,>=800,NA,4006
1910,fr,ad,<200,0.6-0.7,13665
1910,fr,article,<200,0.5-0.6,1458
1910,fr,ad,200-400,NA,7218
1910,fr,ad,>=800,0.6-0.7,19940
1910,fr,article,600-800,0.6-0.7,4297
1910,fr,ad,200-400,0.6-0.7,16556
1910,fr,ad,400-600,0.7-0.8,27154
1910,fr,ad,600-800,0.7-0.8,15011
1910,fr,article,200-400,0.6-0.7,6135
1910,fr,article,>=800,0.6-0.7,33852
1910,fr,article,400-600,0.7-0.8,17119
1910,fr,ad,400-600,0.6-0.7,7272
1910,fr,article,<200,0.6-0.7,4997
1910,fr,ad,<200,<0.5,885
1910,fr,ad,<200,0.5-0.6,3916
1910,fr,article,>=800,NA,15097
1910,fr,article,400-600,0.6-0.7,4887
1910,fr,ad,>=800,0.5-0.6,4097
1910,fr,ad,200-400,0.5-0.6,3111
1910,fr,article,200-400,NA,4004
1910,fr,article,200-400,0.5-0.6,868
1910,fr,article,400-600,NA,2606
1910,fr,article,>=800,0.5-0.6,6623
1910,fr,ad,600-800,0.5-0.6,837
1910,fr,article,600-800,NA,3116
1910,fr,ad,400-600,NA,3145
1910,fr,article,<200,<0.5,185
1910,fr,article,>=800,<0.5,1323
1910,fr,ad,200-400,<0.5,573
1910,fr,article,600-800,0.5-0.6,545
1910,fr,ad,400-600,0.5-0.6,1346
1910,fr,ad,>=800,<0.5,1964
1910,fr,article,400-600,0.5-0.6,650
1910,de,article,<200,0.6-0.7,2767
1910,fr,article,200-400,<0.5,55
1910,fr,article,600-800,<0.5,76
1910,it,article,600-800,NA,80
1910,fr,article,400-600,<0.5,70
1910,en,article,200-400,>=0.8,92
1920,fr,article,<200,>=0.8,130213
1920,fr,article,200-400,0.7-0.8,31617
1920,fr,article,>=800,>=0.8,1337810
1920,fr,article,400-600,>=0.8,263439
1920,fr,ad,<200,>=0.8,146743
1920,fr,ad,<200,NA,131667
1920,fr,article,200-400,>=0.8,315494
1920,fr,article,600-800,>=0.8,199848
1920,fr,article,>=800,0.6-0.7,30797
1920,fr,ad,200-400,0.7-0.8,72624
1920,fr,article,>=800,0.7-0.8,109018
1920,fr,article,<200,NA,176297
1920,fr,ad,200-400,>=0.8,239014
1920,fr,ad,<200,0.6-0.7,20073
1920,fr,ad,400-600,>=0.8,109189
1920,fr,ad,>=800,>=0.8,162475
1920,fr,ad,<200,0.7-0.8,47222
1920,fr,ad,600-800,>=0.8,59297
1920,fr,ad,600-800,0.7-0.8,17147
1920,fr,article,>=800,NA,20860
1920,fr,article,600-800,0.7-0.8,14765
1920,fr,article,400-600,0.6-0.7,5705
1920,fr,article,<200,0.5-0.6,1456
1920,fr,article,>=800,0.5-0.6,6526
1920,fr,article,<200,0.7-0.8,22718
1920,fr,article,400-600,0.7-0.8,20650
1920,fr,article,200-400,0.6-0.7,8177
1920,fr,ad,<200,0.5-0.6,7959
1920,fr,article,<200,0.6-0.7,6769
1920,fr,article,600-800,0.6-0.7,4038
1920,fr,ad,>=800,0.7-0.8,83306
1920,fr,ad,200-400,0.6-0.7,23170
1920,fr,ad,400-600,0.7-0.8,31678
1920,fr,article,400-600,NA,8163
1920,fr,article,200-400,NA,5332
1920,fr,ad,200-400,NA,10794
1920,fr,ad,>=800,0.6-0.7,27747
1920,fr,ad,>=800,0.5-0.6,4604
1920,fr,ad,400-600,0.5-0.6,2610
1920,fr,ad,400-600,0.6-0.7,8847
1920,fr,ad,200-400,0.5-0.6,6911
1920,fr,article,600-800,NA,6982
1920,fr,ad,<200,<0.5,3747
1920,fr,article,400-600,0.5-0.6,793
1920,fr,article,200-400,0.5-0.6,1252
1920,fr,ad,200-400,<0.5,3803
1920,fr,ad,400-600,<0.5,1621
1920,fr,article,>=800,<0.5,5070
1920,fr,article,<200,<0.5,236
1920,fr,ad,600-800,0.6-0.7,4604
1920,fr,ad,600-800,NA,2284
1920,fr,ad,400-600,NA,5057
1810,fr,article,<200,NA,1933
1810,fr,article,<200,0.5-0.6,2
1810,fr,article,600-800,>=0.8,1465
1810,fr,article,200-400,0.6-0.7,150
1810,fr,article,>=800,0.6-0.7,365
1810,fr,article,200-400,0.7-0.8,378
1810,fr,article,400-600,0.6-0.7,183
1810,fr,article,600-800,0.6-0.7,36
1810,fr,ad,<200,0.7-0.8,13
1810,fr,ad,600-800,>=0.8,80
1810,fr,ad,200-400,>=0.8,262
1810,fr,ad,400-600,>=0.8,183
1810,fr,article,600-800,0.7-0.8,238
1810,fr,ad,<200,>=0.8,28
1810,fr,ad,>=800,>=0.8,152
1810,fr,ad,200-400,0.7-0.8,25
1810,fr,ad,>=800,0.7-0.8,21
1810,fr,article,<200,0.6-0.7,22
1810,fr,article,>=800,0.5-0.6,81
1810,fr,article,400-600,0.5-0.6,27
1810,fr,article,200-400,NA,47
1810,fr,article,200-400,0.5-0.6,10
1810,fr,article,<200,<0.5,1
1810,fr,ad,400-600,0.7-0.8,23
1810,fr,article,400-600,<0.5,1
1810,fr,article,>=800,<0.5,10
1810,fr,article,400-600,NA,18
1810,fr,ad,<200,NA,277
1810,fr,ad,>=800,0.6-0.7,1
1810,fr,ad,400-600,0.6-0.7,4
1810,fr,ad,600-800,0.7-0.8,8
1810,fr,article,600-800,0.5-0.6,4
1810,fr,ad,200-400,0.6-0.7,1
1810,fr,article,>=800,NA,11
1810,fr,article,600-800,NA,6
1810,fr,ad,<200,0.6-0.7,1
1820,fr,ad,<200,NA,5163
1820,fr,article,>=800,0.7-0.8,3298
1820,fr,ad,400-600,0.7-0.8,27
1820,fr,article,600-800,0.6-0.7,93
1820,fr,article,400-600,0.6-0.7,183
1820,fr,article,600-800,NA,241
1820,fr,ad,200-400,>=0.8,265
1820,fr,article,<200,NA,3651
1820,fr,ad,400-600,>=0.8,255
1820,fr,article,<200,0.7-0.8,118
1820,fr,ad,>=800,>=0.8,3520
1820,fr,article,>=800,0.5-0.6,118
1820,fr,article,400-600,0.5-0.6,15
1820,fr,ad,<200,0.6-0.7,25
1820,fr,article,600-800,0.7-0.8,329
1820,fr,ad,<200,>=0.8,731
1820,fr,ad,600-800,>=0.8,211
1820,fr,ad,600-800,0.7-0.8,17
1820,fr,article,<200,0.6-0.7,26
1820,fr,article,200-400,NA,77
1820,fr,article,400-600,NA,69
1820,fr,ad,<200,0.5-0.6,6
1820,fr,ad,<200,0.7-0.8,239
1820,fr,article,>=800,<0.5,38
1820,fr,article,200-400,0.6-0.7,97
1820,fr,ad,>=800,0.7-0.8,595
1820,fr,article,200-400,0.5-0.6,9
1820,fr,ad,200-400,0.7-0.8,27
1820,fr,ad,600-800,0.6-0.7,2
1820,fr,article,600-800,0.5-0.6,12
1820,fr,article,>=800,NA,226
1820,fr,article,400-600,<0.5,3
1820,fr,article,600-800,<0.5,2
1820,fr,ad,200-400,0.6-0.7,6
1820,fr,ad,>=800,0.6-0.7,58
1820,fr,ad,>=800,0.5-0.6,5
1820,fr,ad,600-800,NA,1
1820,fr,ad,400-600,0.6-0.7,1
1820,de,ad,>=800,0.5-0.6,19
1820,de,ad,>=800,0.6-0.7,20
1820,fr,ad,200-400,NA,1
1820,fr,ad,>=800,NA,2
1820,de,ad,>=800,<0.5,6
1830,fr,ad,<200,>=0.8,3894
1830,fr,ad,>=800,>=0.8,18142
1830,fr,ad,200-400,>=0.8,3022
1830,fr,ad,>=800,0.7-0.8,2278
1830,fr,ad,600-800,>=0.8,2612
1830,fr,ad,400-600,>=0.8,2805
1830,fr,ad,<200,NA,955
1830,fr,article,>=800,0.5-0.6,163
1830,fr,article,200-400,NA,634
1830,fr,article,400-600,NA,164
1830,fr,ad,>=800,NA,83
1830,fr,ad,<200,0.7-0.8,747
1830,fr,ad,400-600,NA,34
1830,fr,ad,400-600,0.7-0.8,269
1830,fr,ad,200-400,0.7-0.8,345
1830,fr,article,<200,0.7-0.8,210
1830,fr,ad,600-800,0.7-0.8,259
1830,fr,ad,200-400,NA,50
1830,fr,ad,>=800,0.6-0.7,265
1830,fr,article,400-600,0.7-0.8,448
1830,fr,article,<200,0.6-0.7,30
1830,fr,ad,600-800,NA,27
1830,fr,ad,>=800,0.5-0.6,21
1830,fr,ad,<200,0.6-0.7,98
1830,fr,article,600-800,NA,267
1830,fr,article,>=800,NA,765
1830,fr,article,200-400,0.6-0.7,69
1830,fr,ad,400-600,0.6-0.7,38
1830,fr,article,400-600,0.6-0.7,51
1830,fr,article,600-800,0.6-0.7,43
1830,fr,article,>=800,<0.5,33
1830,fr,ad,600-800,0.6-0.7,42
1830,fr,ad,>=800,<0.5,5
1830,fr,ad,200-400,0.6-0.7,42
1830,it,ad,200-400,NA,1
1830,fr,ad,<200,<0.5,3
1830,it,ad,>=800,NA,5
1830,de,ad,600-800,0.6-0.7,1
1830,fr,ad,200-400,0.5-0.6,7
1830,fr,ad,600-800,0.5-0.6,2
1830,fr,ad,200-400,<0.5,1
1830,nl,ad,>=800,NA,1
1830,fr,ad,600-800,<0.5,1
1830,it,ad,400-600,NA,1
1830,de,ad,>=800,<0.5,8
1830,fr,article,200-400,0.5-0.6,6
1830,fr,article,400-600,0.5-0.6,8
1830,fr,article,<200,0.5-0.6,9
1830,de,ad,400-600,0.5-0.6,1
1830,de,ad,>=800,0.6-0.7,16
1830,fr,ad,<200,0.5-0.6,6
1830,fr,ad,400-600,0.5-0.6,3
1840,fr,ad,<200,>=0.8,4037
1840,fr,article,>=800,0.7-0.8,5547
1840,fr,article,<200,NA,7538
1840,fr,ad,>=800,>=0.8,22623
1840,fr,ad,>=800,0.7-0.8,11473
1840,fr,ad,<200,NA,3219
1840,fr,ad,200-400,>=0.8,7418
1840,fr,ad,400-600,>=0.8,6385
1840,fr,ad,600-800,>=0.8,5354
1840,fr,ad,400-600,0.7-0.8,1659
1840,fr,article,>=800,0.6-0.7,1511
1840,fr,ad,600-800,0.7-0.8,1427
1840,fr,ad,>=800,0.6-0.7,2548
1840,fr,ad,200-400,0.7-0.8,2493
1840,fr,article,200-400,0.6-0.7,207
1840,fr,article,<200,0.7-0.8,284
1840,fr,article,400-600,NA,486
1840,fr,article,600-800,NA,157
1840,fr,ad,400-600,0.6-0.7,317
1840,fr,article,400-600,0.7-0.8,755
1840,fr,ad,<200,0.6-0.7,377
1840,fr,ad,200-400,NA,131
1840,fr,ad,<200,0.7-0.8,1131
1840,fr,ad,200-400,0.6-0.7,965
1840,fr,article,>=800,NA,267
1840,fr,article,200-400,0.7-0.8,548
1840,fr,article,200-400,NA,483
1840,fr,article,600-800,0.6-0.7,235
1840,fr,ad,>=800,NA,96
1840,fr,ad,600-800,0.6-0.7,280
1840,fr,article,>=800,0.5-0.6,270
1840,fr,ad,>=800,0.5-0.6,377
1840,fr,article,400-600,0.6-0.7,217
1840,fr,ad,200-400,0.5-0.6,105
1840,fr,ad,400-600,0.5-0.6,27
1840,fr,ad,600-800,0.5-0.6,30
1840,fr,ad,600-800,NA,29
1840,fr,ad,<200,0.5-0.6,117
1840,fr,ad,400-600,NA,31
1840,fr,article,200-400,0.5-0.6,28
1840,fr,article,<200,0.6-0.7,77
1840,lb,article,<200,<0.5,1
1840,en,ad,200-400,0.7-0.8,323
1840,fr,article,600-800,0.5-0.6,30
1840,fr,article,>=800,<0.5,35
1840,fr,ad,>=800,<0.5,74
1840,fr,article,400-600,0.5-0.6,31
1840,fr,ad,200-400,<0.5,6
1840,it,ad,>=800,NA,2
1840,fr,article,<200,0.5-0.6,22
1840,en,ad,<200,0.7-0.8,335
1840,en,ad,<200,0.6-0.7,188
1840,en,ad,<200,0.5-0.6,61
1840,en,ad,<200,<0.5,12
1840,fr,ad,<200,<0.5,20
1840,en,ad,200-400,0.6-0.7,98
1840,lb,ad,<200,0.5-0.6,1
1840,de,ad,600-800,<0.5,27
1840,en,ad,200-400,0.5-0.6,9
1840,fr,article,200-400,<0.5,4
1840,en,ad,200-400,<0.5,3
1840,fr,article,<200,<0.5,4
1840,lb,ad,<200,0.7-0.8,1
1840,pl,ad,>=800,NA,1
1840,fr,article,600-800,<0.5,7
1840,en,ad,400-600,0.5-0.6,1
1840,fr,ad,600-800,<0.5,1
1840,de,ad,>=800,0.5-0.6,27
1850,fr,ad,200-400,0.6-0.7,689
1850,fr,ad,200-400,>=0.8,13702
1850,fr,ad,400-600,>=0.8,10444
1850,fr,ad,600-800,>=0.8,7465
1850,fr,ad,600-800,0.7-0.8,1140
1850,fr,article,>=800,NA,2764
1850,fr,article,<200,NA,12667
1850,fr,ad,>=800,>=0.8,30635
1850,fr,ad,>=800,0.7-0.8,10374
1850,fr,ad,<200,NA,4648
1850,fr,article,>=800,0.6-0.7,4348
1850,fr,ad,<200,>=0.8,6215
1850,en,ad,<200,0.6-0.7,103
1850,fr,ad,400-600,NA,190
1850,fr,ad,200-400,0.5-0.6,133
1850,fr,ad,<200,0.6-0.7,344
1850,fr,article,600-800,0.7-0.8,1425
1850,fr,ad,>=800,0.6-0.7,2742
1850,fr,ad,400-600,0.7-0.8,1930
1850,fr,ad,<200,0.7-0.8,1492
1850,fr,ad,200-400,0.7-0.8,3415
1850,fr,article,600-800,NA,1060
1850,fr,article,400-600,NA,1240
1850,fr,article,600-800,0.6-0.7,468
1850,fr,ad,<200,0.5-0.6,90
1850,fr,article,>=800,0.5-0.6,1447
1850,fr,ad,>=800,0.5-0.6,1129
1850,fr,ad,600-800,0.6-0.7,292
1850,fr,article,400-600,0.6-0.7,485
1850,fr,ad,>=800,<0.5,446
1850,fr,article,<200,0.7-0.8,792
1850,fr,article,200-400,NA,1292
1850,fr,ad,200-400,NA,169
1850,fr,article,>=800,<0.5,1911
1850,fr,ad,>=800,NA,484
1850,fr,ad,600-800,NA,248
1850,en,ad,<200,0.5-0.6,12
1850,fr,article,200-400,0.6-0.7,569
1850,fr,ad,<200,<0.5,17
1850,fr,ad,400-600,0.6-0.7,337
1850,fr,ad,400-600,0.5-0.6,44
1850,en,ad,<200,<0.5,1
1850,fr,article,200-400,0.5-0.6,184
1850,de,ad,>=800,<0.5,1974
1850,lb,ad,<200,0.7-0.8,1
1850,fr,article,400-600,0.5-0.6,169
1850,it,ad,>=800,NA,5
1850,fr,ad,600-800,0.5-0.6,70
1850,fr,ad,400-600,<0.5,31
1850,en,ad,200-400,0.5-0.6,1
1850,fr,article,600-800,0.5-0.6,104
1850,fr,article,<200,0.5-0.6,92
1850,fr,article,400-600,<0.5,77
1850,de,article,200-400,0.5-0.6,1110
1850,de,ad,600-800,0.5-0.6,60
1850,lb,ad,<200,0.5-0.6,1
1850,fr,ad,600-800,<0.5,57
1850,fr,ad,200-400,<0.5,71
1860,fr,article,<200,NA,24816
1860,fr,ad,<200,>=0.8,9793
1860,fr,ad,200-400,>=0.8,23279
1860,fr,ad,200-400,0.7-0.8,2872
1860,fr,article,>=800,0.6-0.7,6986
1860,fr,ad,>=800,>=0.8,30936
1860,fr,article,>=800,NA,6904
1860,fr,ad,200-400,0.6-0.7,658
1860,fr,ad,600-800,>=0.8,10865
1860,fr,ad,600-800,0.7-0.8,1253
1860,fr,article,200-400,NA,1000
1860,fr,ad,<200,0.7-0.8,1542
1860,fr,ad,<200,NA,5967
1860,fr,ad,>=800,0.7-0.8,11516
1860,fr,ad,>=800,0.6-0.7,4876
1860,fr,ad,400-600,>=0.8,17718
1860,fr,ad,400-600,0.7-0.8,1901
1860,fr,ad,>=800,NA,923
1860,fr,article,600-800,0.6-0.7,671
1860,fr,ad,<200,0.6-0.7,362
1860,fr,ad,400-600,NA,597
1860,en,ad,<200,0.7-0.8,51
1860,fr,ad,200-400,NA,509
1860,fr,ad,200-400,0.5-0.6,125
1860,fr,article,>=800,0.5-0.6,2356
1860,fr,ad,400-600,0.6-0.7,404
1860,fr,ad,600-800,0.6-0.7,324
1860,en,ad,200-400,0.6-0.7,26
1860,fr,ad,>=800,0.5-0.6,1718
1860,fr,ad,<200,<0.5,33
1860,fr,article,600-800,0.5-0.6,147
1860,fr,ad,200-400,<0.5,39
1860,fr,ad,400-600,0.5-0.6,93
1860,fr,article,600-800,NA,697
1860,fr,ad,<200,0.5-0.6,86
1860,fr,article,400-600,NA,1164
1860,fr,article,<200,0.6-0.7,471
1860,fr,ad,600-800,NA,150
1860,fr,article,>=800,<0.5,1212
1860,en,ad,200-400,0.5-0.6,1
1860,fr,ad,>=800,<0.5,622
1860,de,article,<200,<0.5,604
1860,fr,ad,600-800,<0.5,41
1860,fr,article,<200,0.5-0.6,162
1860,fr,ad,600-800,0.5-0.6,106
1860,en,ad,<200,0.6-0.7,7
1860,fr,article,200-400,0.5-0.6,161
1860,lb,ad,200-400,<0.5,2
1860,lb,ad,<200,0.5-0.6,4
1870,fr,article,<200,NA,29759
1870,fr,ad,200-400,0.6-0.7,1434
1870,fr,ad,400-600,0.7-0.8,3191
1870,fr,article,>=800,NA,10815
1870,fr,article,>=800,0.6-0.7,9335
1870,fr,ad,600-800,>=0.8,17129
1870,fr,ad,>=800,>=0.8,40221
1870,fr,ad,>=800,0.7-0.8,15433
1870,fr,ad,>=800,0.5-0.6,2770
1870,fr,ad,600-800,0.7-0.8,2942
1870,fr,ad,<200,NA,8511
1870,fr,article,>=800,0.5-0.6,3495
1870,fr,ad,>=800,0.6-0.7,5902
1870,fr,ad,400-600,NA,762
1870,fr,ad,400-600,0.6-0.7,910
1870,fr,ad,600-800,0.6-0.7,743
1870,fr,ad,400-600,>=0.8,31556
1870,fr,ad,200-400,>=0.8,55370
1870,fr,ad,200-400,0.7-0.8,5673
1870,fr,ad,<200,>=0.8,22904
1870,fr,article,400-600,NA,3382
1870,fr,ad,<200,0.7-0.8,2730
1870,fr,article,600-800,NA,3489
1870,fr,ad,>=800,NA,1129
1870,fr,article,200-400,NA,3219
1870,fr,ad,<200,0.6-0.7,748
1870,fr,article,600-800,0.6-0.7,1126
1870,fr,ad,600-800,0.5-0.6,304
1870,fr,ad,400-600,0.5-0.6,280
1870,fr,article,400-600,0.6-0.7,964
1870,fr,ad,600-800,NA,202
1870,fr,article,<200,0.6-0.7,715
1870,fr,ad,<200,0.5-0.6,162
1870,fr,article,200-400,0.5-0.6,255
1870,fr,ad,200-400,NA,1154
1870,fr,ad,200-400,0.5-0.6,304
1870,de,ad,>=800,0.5-0.6,9783
1870,fr,article,400-600,0.5-0.6,254
1870,fr,article,600-800,0.5-0.6,332
1870,fr,article,>=800,<0.5,1881
1870,de,ad,>=800,0.7-0.8,3607
1870,fr,ad,200-400,<0.5,114
1880,fr,article,>=800,>=0.8,545521
1880,fr,article,<200,NA,48300
1880,fr,ad,400-600,>=0.8,65105
1880,fr,ad,<200,>=0.8,66103
1880,fr,ad,600-800,>=0.8,36901
1880,fr,ad,>=800,>=0.8,78225
1880,fr,article,400-600,NA,2855
1880,fr,article,>=800,NA,17967
1880,fr,ad,>=800,0.7-0.8,30851
1880,fr,ad,<200,0.6-0.7,2523
1880,fr,article,600-800,NA,4142
1880,fr,article,400-600,>=0.8,71184
1880,fr,article,600-800,>=0.8,54976
1880,fr,article,>=800,0.6-0.7,10430
1880,fr,ad,400-600,0.7-0.8,8389
1880,fr,ad,200-400,0.7-0.8,15901
1880,fr,ad,>=800,0.6-0.7,9982
1880,fr,article,200-400,NA,5515
1880,fr,article,600-800,0.7-0.8,3703
1880,fr,ad,600-800,0.7-0.8,6276
1880,fr,ad,200-400,>=0.8,127099
1880,fr,article,>=800,0.5-0.6,2819
1880,fr,ad,>=800,NA,2628
1880,fr,ad,600-800,0.6-0.7,1548
1880,fr,ad,<200,0.7-0.8,10272
1880,fr,article,200-400,0.7-0.8,7064
1880,fr,ad,400-600,0.6-0.7,2064
1880,fr,article,200-400,0.6-0.7,1488
1880,fr,ad,200-400,NA,3024
1880,fr,article,400-600,0.7-0.8,3872
1880,fr,article,600-800,0.6-0.7,837
1880,fr,article,400-600,0.6-0.7,780
1880,fr,ad,200-400,0.6-0.7,3515
1880,fr,ad,>=800,0.5-0.6,2394
1880,fr,ad,<200,NA,30167
1880,fr,ad,200-400,0.5-0.6,778
1880,fr,ad,600-800,NA,461
1880,fr,article,200-400,<0.5,50
1880,fr,article,>=800,<0.5,2211
1880,fr,ad,400-600,NA,1101
1880,fr,ad,400-600,0.5-0.6,578
1880,fr,ad,<200,<0.5,121
1880,fr,ad,<200,0.5-0.6,639
1880,fr,ad,>=800,<0.5,2449
1880,fr,ad,600-800,0.5-0.6,380
1880,fr,ad,600-800,<0.5,120
1880,fr,article,400-600,0.5-0.6,243
1880,fr,article,200-400,0.5-0.6,256
1880,fr,ad,400-600,<0.5,130
1880,fr,ad,200-400,<0.5,123
1880,lb,ad,<200,0.5-0.6,8
1880,de,ad,>=800,0.6-0.7,14705
1880,de,ad,600-800,<0.5,1616
1880,fr,article,<200,<0.5,47
1880,de,ad,600-800,0.7-0.8,1001
1880,de,ad,>=800,0.5-0.6,11990
1880,de,ad,>=800,0.7-0.8,5478
1890,fr,article,>=800,>=0.8,806702
1890,fr,article,<200,NA,68895
1890,fr,ad,400-600,0.6-0.7,3309
1890,fr,ad,600-800,0.7-0.8,9585
1890,fr,article,200-400,>=0.8,137792
1890,fr,ad,200-400,0.6-0.7,6199
1890,fr,article,<200,>=0.8,67697
1890,fr,article,>=800,0.7-0.8,64970
1890,fr,ad,>=800,0.7-0.8,46960
1890,fr,ad,>=800,>=0.8,95077
1890,fr,ad,600-800,>=0.8,44092
1890,fr,ad,<200,NA,40596
1890,fr,ad,200-400,0.7-0.8,23905
1890,fr,ad,400-600,0.7-0.8,14804
1890,fr,article,600-800,>=0.8,76953
1890,fr,ad,200-400,>=0.8,128417
1890,fr,ad,400-600,>=0.8,74644
1890,fr,article,<200,0.7-0.8,6873
1890,fr,ad,>=800,0.6-0.7,19012
1890,fr,article,400-600,>=0.8,102216
1890,fr,ad,<200,>=0.8,52910
1890,fr,ad,<200,0.7-0.8,13634
1890,fr,ad,<200,0.6-0.7,4681
1890,fr,article,600-800,0.7-0.8,5339
1890,fr,article,400-600,NA,3488
1890,fr,article,200-400,NA,6306
1890,fr,article,400-600,0.7-0.8,6544
1890,fr,article,>=800,0.6-0.7,15075
1890,fr,article,<200,0.6-0.7,1687
1890,fr,ad,>=800,NA,2710
1890,fr,article,200-400,0.7-0.8,8768
1890,fr,ad,200-400,NA,2693
1890,fr,ad,600-800,0.6-0.7,2493
1890,fr,ad,>=800,0.5-0.6,3599
1890,fr,article,>=800,NA,26086
1890,fr,ad,<200,0.5-0.6,1254
1890,fr,ad,200-400,0.5-0.6,1317
1890,fr,article,600-800,NA,2467
1890,fr,ad,<200,<0.5,280
1890,fr,article,400-600,0.6-0.7,1254
1890,fr,article,200-400,0.6-0.7,1623
1890,fr,article,>=800,0.5-0.6,4098
1890,fr,ad,400-600,NA,1127
1890,fr,ad,600-800,NA,569
1890,fr,article,<200,0.5-0.6,351
1890,fr,article,<200,<0.5,52
1890,fr,article,200-400,0.5-0.6,384
1890,fr,ad,400-600,0.5-0.6,835
1890,nl,ad,>=800,NA,10
1890,de,ad,400-600,0.6-0.7,2496
1890,de,ad,200-400,0.6-0.7,2968
1890,de,ad,>=800,0.6-0.7,20863
1890,fr,ad,600-800,0.5-0.6,625
1890,de,ad,>=800,0.5-0.6,20714
1890,fr,article,600-800,0.6-0.7,1072
1890,de,article,<200,0.6-0.7,2201
1890,fr,article,>=800,<0.5,1625
1890,fr,article,200-400,<0.5,76
1890,it,article,200-400,NA,7
1890,fr,article,400-600,0.5-0.6,312
1890,fr,ad,>=800,<0.5,2792
1890,de,article,200-400,0.6-0.7,3280
1890,lb,ad,600-800,<0.5,8
1890,en,ad,<200,0.6-0.7,10
1890,de,ad,400-600,0.5-0.6,1827
1890,nl,article,600-800,NA,1
1890,it,ad,<200,NA,10
1900,fr,article,200-400,>=0.8,151621
1900,fr,article,>=800,>=0.8,1000799
1900,fr,article,<200,NA,85154
1900,fr,ad,200-400,>=0.8,161801
1900,fr,article,>=800,0.7-0.8,118106
1900,fr,article,600-800,>=0.8,104960
1900,fr,ad,>=800,>=0.8,124170
1900,de,article,200-400,0.6-0.7,2623
1900,fr,article,400-600,>=0.8,131642
1900,fr,ad,<200,>=0.8,77222
1900,fr,ad,200-400,0.7-0.8,40766
1900,fr,ad,>=800,0.7-0.8,70340
1900,fr,ad,600-800,>=0.8,52126
1900,fr,ad,400-600,0.7-0.8,23587
1900,fr,ad,<200,NA,71766
1900,fr,ad,600-800,0.7-0.8,14698
1900,fr,ad,400-600,>=0.8,90921
1900,fr,article,400-600,NA,3100
1900,fr,ad,<200,0.7-0.8,24062
1900,fr,ad,>=800,0.6-0.7,28683
1900,fr,article,200-400,0.7-0.8,16021
1900,fr,ad,400-600,0.6-0.7,6081
1900,fr,article,400-600,0.7-0.8,13794
1900,fr,ad,600-800,0.6-0.7,4045
1900,fr,article,>=800,NA,25469
1900,fr,ad,>=800,0.5-0.6,4559
1900,fr,ad,200-400,0.6-0.7,11649
1900,fr,article,600-800,0.7-0.8,11857
1900,fr,ad,>=800,NA,3661
1900,fr,ad,200-400,0.5-0.6,2379
1900,fr,article,>=800,0.6-0.7,31049
1900,fr,article,200-400,NA,2883
1900,fr,ad,<200,0.6-0.7,9262
1900,fr,ad,600-800,NA,1073
1900,fr,ad,<200,0.5-0.6,2662
1900,fr,ad,200-400,NA,4938
1900,de,article,200-400,0.7-0.8,4764
1900,fr,article,<200,0.6-0.7,2786
1900,fr,article,400-600,0.6-0.7,3079
1900,fr,article,600-800,0.6-0.7,3046
1900,de,ad,200-400,<0.5,6199
1900,fr,article,>=800,0.5-0.6,5678
1900,lb,ad,200-400,<0.5,5
1900,de,ad,400-600,0.5-0.6,3184
1900,fr,ad,600-800,0.5-0.6,821
1900,fr,ad,200-400,<0.5,436
1900,fr,ad,400-600,<0.5,221
1900,fr,ad,400-600,0.5-0.6,1051
1900,fr,ad,400-600,NA,2412
1900,fr,ad,<200,<0.5,565
1900,fr,article,600-800,NA,3399
1920,fr,ad,>=800,NA,4443
1920,fr,article,600-800,0.5-0.6,614
1920,en,article,>=800,>=0.8,406
1920,fr,ad,>=800,<0.5,4394
1920,en,article,>=800,0.7-0.8,18
1920,en,ad,>=800,0.7-0.8,7
1920,en,article,200-400,>=0.8,94
1920,en,article,600-800,>=0.8,289
1920,fr,article,600-800,<0.5,290
1920,de,article,<200,0.7-0.8,9968
1920,en,article,<200,>=0.8,15
1920,fr,ad,600-800,0.5-0.6,1432
1920,lb,ad,<200,0.5-0.6,83
1930,fr,article,>=800,>=0.8,1163185
1930,fr,article,<200,NA,173463
1930,fr,ad,200-400,0.7-0.8,47845
1930,fr,ad,<200,NA,124113
1930,fr,article,200-400,>=0.8,279730
1930,fr,article,400-600,>=0.8,215577
1930,fr,article,<200,>=0.8,130083
1930,fr,article,600-800,>=0.8,170681
1930,fr,article,>=800,0.7-0.8,59211
1930,fr,ad,<200,>=0.8,141319
1930,fr,ad,<200,0.7-0.8,36896
1930,fr,article,>=800,NA,21428
1930,fr,ad,600-800,0.7-0.8,9702
1930,fr,ad,200-400,>=0.8,204553
1930,fr,ad,600-800,>=0.8,45472
1930,fr,ad,>=800,0.7-0.8,30591
1930,fr,ad,>=800,>=0.8,95879
1930,fr,article,600-800,NA,4231
1930,fr,ad,200-400,0.5-0.6,4317
1930,fr,article,400-600,NA,8699
1930,en,article,>=800,>=0.8,48
1930,fr,article,200-400,0.7-0.8,21984
1930,fr,article,600-800,0.7-0.8,8187
1930,fr,ad,>=800,0.6-0.7,10899
1930,fr,ad,400-600,>=0.8,85351
1930,fr,article,400-600,0.7-0.8,11272
1930,fr,ad,<200,0.6-0.7,15312
1930,fr,article,>=800,0.6-0.7,19281
1930,fr,article,200-400,NA,8476
1930,fr,ad,400-600,0.7-0.8,18008
1930,fr,ad,200-400,0.6-0.7,15010
1930,fr,article,<200,0.6-0.7,4282
1930,fr,article,<200,0.7-0.8,15237
1930,fr,ad,600-800,0.6-0.7,3232
1930,fr,ad,200-400,<0.5,2483
1930,fr,ad,200-400,NA,9222
1930,fr,article,200-400,0.6-0.7,5136
1930,fr,article,600-800,0.6-0.7,2111
1930,fr,ad,400-600,NA,3460
1930,fr,ad,400-600,0.6-0.7,5442
1930,fr,ad,>=800,NA,5003
1930,fr,ad,600-800,NA,1957
1930,fr,article,>=800,0.5-0.6,6937
1930,fr,ad,<200,0.5-0.6,6333
1930,fr,article,400-600,0.6-0.7,2942
1930,fr,ad,400-600,0.5-0.6,1523
1930,lb,ad,<200,<0.5,52
1930,fr,article,<200,0.5-0.6,1187
1930,fr,article,200-400,0.5-0.6,1749
1930,fr,ad,<200,<0.5,2882
1930,en,ad,<200,>=0.8,92
1930,en,ad,<200,0.7-0.8,25
1930,de,article,>=800,<0.5,27849
1930,fr,article,>=800,<0.5,15204
1930,fr,article,600-800,0.5-0.6,1007
1930,fr,ad,>=800,0.5-0.6,4700
1930,fr,article,600-800,<0.5,1448
1930,en,ad,200-400,>=0.8,101
1930,it,article,<200,NA,18
1930,fr,article,200-400,<0.5,1310
1930,fr,ad,600-800,0.5-0.6,1041
1930,fr,ad,>=800,<0.5,2857
1930,en,ad,>=800,>=0.8,18
1930,en,article,<200,>=0.8,30
1930,lb,article,<200,0.5-0.6,26
1930,fr,article,<200,<0.5,477
1930,en,article,400-600,>=0.8,33
1930,en,article,200-400,>=0.8,81
1940,fr,article,<200,NA,149000
1940,fr,article,>=800,>=0.8,817926
1940,fr,article,200-400,>=0.8,207408
1940,fr,article,<200,>=0.8,115678
1940,fr,article,>=800,0.7-0.8,36044
1940,fr,ad,<200,NA,136878
1940,fr,ad,<200,>=0.8,198693
1940,fr,article,600-800,>=0.8,108430
1940,fr,article,400-600,>=0.8,140757
1940,fr,ad,400-600,>=0.8,77158
1940,fr,ad,<200,0.7-0.8,36324
1940,fr,article,200-400,NA,3624
1940,fr,ad,<200,0.6-0.7,11192
1940,fr,ad,200-400,>=0.8,233838
1940,fr,ad,<200,0.5-0.6,3525
1940,fr,ad,<200,<0.5,1557
1940,en,article,200-400,>=0.8,172
1940,fr,ad,200-400,0.7-0.8,31286
1940,fr,ad,600-800,>=0.8,38192
1940,fr,article,<200,0.7-0.8,11880
1940,fr,article,200-400,0.7-0.8,13247
1940,fr,article,400-600,0.7-0.8,6929
1940,fr,ad,>=800,>=0.8,80223
1940,fr,ad,600-800,0.7-0.8,6955
1940,fr,ad,400-600,0.7-0.8,12079
1940,fr,ad,200-400,0.6-0.7,7740
1940,fr,ad,200-400,0.5-0.6,1566
1940,fr,ad,>=800,0.7-0.8,26709
1940,fr,article,200-400,0.6-0.7,2896
1940,fr,ad,400-600,0.5-0.6,413
1940,fr,article,>=800,0.6-0.7,10289
1940,fr,article,600-800,0.7-0.8,4960
1940,fr,article,400-600,NA,2008
1940,fr,ad,>=800,0.5-0.6,1301
1940,fr,article,>=800,NA,14421
1940,fr,article,600-800,NA,1422
1940,fr,article,>=800,0.5-0.6,2343
1940,en,ad,200-400,>=0.8,297
1940,de,article,<200,0.7-0.8,12993
1940,fr,article,<200,0.5-0.6,795
1940,fr,ad,200-400,NA,7711
1940,fr,ad,>=800,NA,3400
1940,fr,ad,200-400,<0.5,1251
1940,fr,article,600-800,0.6-0.7,1186
1940,fr,ad,600-800,NA,1352
1940,fr,ad,400-600,NA,2733
1940,fr,article,<200,<0.5,275
1940,lb,article,<200,0.5-0.6,60
1940,fr,article,400-600,0.6-0.7,1455
1940,fr,article,<200,0.6-0.7,3050
1940,fr,article,200-400,0.5-0.6,590
1890,fr,ad,600-800,<0.5,174
1890,fr,article,600-800,0.5-0.6,309
1890,fr,ad,200-400,<0.5,321
1890,fr,ad,400-600,<0.5,209
1890,de,ad,600-800,<0.5,2226
1900,fr,article,>=800,<0.5,1376
1900,fr,article,<200,0.5-0.6,524
1900,fr,ad,>=800,<0.5,2202
1900,fr,article,600-800,0.5-0.6,374
1900,fr,article,200-400,0.5-0.6,487
1900,fr,article,200-400,<0.5,49
1900,fr,article,<200,<0.5,72
1900,fr,article,400-600,0.5-0.6,408
1920,fr,article,400-600,<0.5,212
1920,de,article,<200,0.5-0.6,4531
1860,fr,ad,400-600,<0.5,42
1860,en,ad,<200,0.5-0.6,1
1860,lb,article,<200,0.5-0.6,1
1860,fr,article,<200,<0.5,77
1870,fr,article,<200,0.5-0.6,226
1870,fr,article,200-400,<0.5,64
1870,fr,article,<200,<0.5,70
1870,fr,article,400-600,<0.5,57
1870,fr,ad,>=800,<0.5,2169
1870,de,ad,<200,0.6-0.7,979
1870,de,ad,<200,0.5-0.6,1019
1870,fr,ad,400-600,<0.5,142
1870,fr,ad,<200,<0.5,45
1870,fr,ad,600-800,<0.5,139
1870,lb,article,<200,0.5-0.6,4
1870,fr,article,600-800,<0.5,91
1880,en,ad,400-600,0.5-0.6,1
1880,it,article,>=800,NA,5
1880,en,ad,<200,0.5-0.6,1
1880,lb,ad,400-600,0.5-0.6,1
1890,lb,ad,<200,<0.5,19
1890,en,ad,<200,0.5-0.6,3
1890,en,ad,<200,0.7-0.8,30
1900,lb,ad,200-400,0.5-0.6,4
1900,lb,ad,<200,0.7-0.8,3
1900,lb,ad,<200,0.5-0.6,25
1900,en,ad,<200,0.7-0.8,31
1900,lb,ad,<200,0.6-0.7,12
1910,fr,ad,600-800,NA,1356
1910,fr,ad,400-600,<0.5,264
1910,en,ad,<200,0.6-0.7,20
1910,de,ad,<200,0.5-0.6,3050
1910,en,ad,<200,0.7-0.8,35
1910,en,article,600-800,>=0.8,95
1920,en,article,>=800,0.6-0.7,3
1920,en,article,400-600,>=0.8,265
1920,en,ad,<200,>=0.8,237
1920,en,ad,200-400,>=0.8,230
1920,en,article,200-400,0.7-0.8,7
1920,en,article,400-600,0.7-0.8,3
1920,en,article,600-800,0.7-0.8,4
1920,en,ad,<200,0.7-0.8,59
1920,lb,ad,200-400,0.5-0.6,55
1920,de,ad,>=800,0.6-0.7,24627
1920,en,ad,200-400,0.5-0.6,2
1920,lb,ad,<200,0.6-0.7,115
1920,lb,article,<200,<0.5,3
1920,en,ad,>=800,<0.5,1
1920,en,ad,200-400,0.7-0.8,41
1880,it,ad,>=800,NA,2
1880,it,ad,400-600,NA,4
1880,it,ad,200-400,NA,11
1880,fr,article,600-800,0.5-0.6,250
1890,de,article,600-800,0.6-0.7,1444
1890,lb,ad,<200,>=0.8,1
1890,fr,article,400-600,<0.5,81
1890,de,ad,600-800,>=0.8,464
1890,lb,ad,<200,0.5-0.6,15
1890,fr,article,600-800,<0.5,139
1900,en,ad,600-800,>=0.8,4
1900,fr,ad,600-800,<0.5,210
1900,fr,article,400-600,<0.5,31
1900,de,article,600-800,0.6-0.7,1567
1900,lb,ad,<200,<0.5,15
1910,de,ad,>=800,0.6-0.7,25611
1910,fr,ad,600-800,<0.5,231
1910,en,ad,400-600,>=0.8,38
1910,en,article,<200,>=0.8,32
1910,en,article,<200,0.7-0.8,5
1910,en,ad,>=800,>=0.8,16
1910,en,ad,>=800,0.7-0.8,14
1910,lb,ad,<200,0.5-0.6,31
1910,en,article,>=800,0.7-0.8,43
1920,fr,article,200-400,<0.5,368
1920,en,ad,>=800,>=0.8,16
1920,fr,ad,600-800,<0.5,1013
1920,lb,ad,<200,0.7-0.8,130
1920,de,ad,<200,0.6-0.7,9489
1920,lb,ad,400-600,<0.5,14
1920,en,ad,400-600,>=0.8,23
1920,en,ad,>=800,0.5-0.6,1
1930,fr,ad,400-600,<0.5,940
1930,en,ad,<200,0.6-0.7,11
1930,fr,article,400-600,0.5-0.6,1242
1930,lb,article,<200,<0.5,6
1940,fr,ad,>=800,0.6-0.7,9850
1940,fr,ad,400-600,0.6-0.7,2651
1940,fr,article,400-600,0.5-0.6,320
1940,de,ad,<200,0.7-0.8,9328
1940,de,ad,400-600,0.5-0.6,1378
1940,de,ad,<200,>=0.8,11410
1940,de,ad,200-400,<0.5,1330
1940,de,ad,200-400,0.5-0.6,2843
1940,de,ad,200-400,0.6-0.7,5709
1940,de,ad,400-600,0.6-0.7,2698
1940,de,article,<200,0.5-0.6,4452
1940,de,ad,400-600,0.7-0.8,3778
1940,de,article,<200,>=0.8,20288
1940,de,article,200-400,0.5-0.6,6266
1940,de,ad,>=800,0.7-0.8,8289
1940,de,ad,200-400,0.7-0.8,8432
1940,de,ad,600-800,0.6-0.7,1726
1940,de,ad,400-600,<0.5,598
1940,de,ad,>=800,0.6-0.7,10046
1940,de,ad,600-800,0.7-0.8,2280
1940,de,ad,600-800,0.5-0.6,858
1940,de,article,<200,0.6-0.7,8668
1940,de,article,400-600,0.6-0.7,6160
1940,de,article,>=800,0.7-0.8,67680
1940,de,ad,<200,0.6-0.7,6255
1940,fr,ad,600-800,0.6-0.7,1650
1940,de,article,>=800,0.6-0.7,19249
1940,de,ad,<200,0.5-0.6,3591
1940,de,article,600-800,>=0.8,31121
1940,fr,article,200-400,<0.5,562
1940,de,article,>=800,>=0.8,337730
1940,de,article,600-800,0.7-0.8,8306
1940,fr,ad,600-800,<0.5,240
1940,en,article,600-800,>=0.8,128
1940,de,article,200-400,0.6-0.7,12425
1940,de,article,>=800,<0.5,3543
1940,de,article,200-400,0.7-0.8,20254
1940,de,article,>=800,0.5-0.6,6565
1940,en,article,400-600,>=0.8,135
1940,fr,ad,600-800,0.5-0.6,200
1940,fr,article,>=800,<0.5,2785
1940,de,ad,>=800,0.5-0.6,7454
1940,en,article,200-400,0.7-0.8,11
1940,lb,article,<200,0.7-0.8,742
1940,en,article,400-600,0.7-0.8,3
1940,en,article,<200,>=0.8,60
1880,fr,article,400-600,<0.5,61
1880,fr,article,600-800,<0.5,120
1900,en,ad,<200,0.5-0.6,4
1900,nl,article,>=800,NA,2
1900,nl,ad,<200,NA,1
1900,en,ad,200-400,0.6-0.7,6
1910,eo,article,600-800,NA,8
1910,eo,article,>=800,NA,1
1910,eo,article,400-600,NA,1
1910,nl,article,>=800,NA,68
1910,nl,article,400-600,NA,1
1910,nl,article,600-800,NA,4
1910,en,article,400-600,>=0.8,78
1910,it,article,>=800,NA,1211
1910,de,ad,<200,<0.5,4351
1910,en,ad,<200,>=0.8,74
1920,nl,article,<200,NA,1
1920,en,ad,<200,<0.5,3
1930,en,article,<200,0.7-0.8,3
1930,fr,ad,600-800,<0.5,502
1930,en,ad,200-400,0.6-0.7,3
1930,en,ad,<200,<0.5,3
1930,fr,article,400-600,<0.5,1405
1930,nl,article,200-400,NA,3
1940,fr,article,400-600,<0.5,324
1940,fr,ad,>=800,<0.5,611
1940,fr,article,600-800,0.5-0.6,242
1940,de,article,400-600,0.7-0.8,12008
1940,de,article,600-800,0.5-0.6,1560
1940,de,ad,>=800,<0.5,2784
1940,de,ad,<200,<0.5,1847
1940,en,article,<200,<0.5,1
1940,de,article,400-600,0.5-0.6,2692
1940,de,article,400-600,<0.5,1155
1940,lb,ad,<200,0.6-0.7,400
1940,lb,ad,<200,0.5-0.6,136
1940,de,article,600-800,<0.5,689
1940,it,article,>=800,NA,139
1940,fr,article,600-800,<0.5,287
1940,lb,article,400-600,<0.5,28
1940,fr,ad,400-600,<0.5,417
1900,lb,article,>=800,<0.5,130
1900,lb,article,400-600,<0.5,5
1900,lb,article,200-400,<0.5,9
1900,lb,article,600-800,<0.5,11
1900,lb,article,400-600,0.5-0.6,3
1900,lb,article,200-400,0.5-0.6,11
1900,lb,article,<200,>=0.8,427
1900,fr,article,600-800,<0.5,70
1910,lb,ad,<200,<0.5,21
1930,lb,ad,<200,0.5-0.6,181
1930,lb,article,>=800,<0.5,113
1930,lb,ad,>=800,<0.5,13
1940,lb,article,>=800,<0.5,261
1940,de,ad,200-400,>=0.8,10020
1910,de,ad,200-400,<0.5,7501
1910,de,ad,>=800,0.5-0.6,29133
1910,en,article,400-600,0.7-0.8,6
1910,en,article,>=800,0.6-0.7,9
1910,en,article,600-800,0.7-0.8,6
1910,en,article,600-800,0.6-0.7,1
1930,de,article,200-400,0.7-0.8,33049
1930,en,article,600-800,>=0.8,10
1930,de,article,<200,<0.5,1488
1930,de,article,<200,0.6-0.7,7769
1940,de,article,600-800,0.6-0.7,3977
1940,de,article,400-600,>=0.8,40535
1940,de,article,<200,<0.5,1903
1920,de,article,>=800,>=0.8,153769
1920,de,ad,>=800,>=0.8,3316
1920,de,ad,<200,NA,48527
1920,de,ad,200-400,0.6-0.7,10978
1920,de,article,400-600,>=0.8,32697
1920,de,ad,<200,<0.5,6237
1920,de,ad,200-400,<0.5,7454
1920,de,article,<200,>=0.8,14607
1920,de,article,200-400,>=0.8,43021
1920,de,ad,400-600,0.5-0.6,6982
1920,de,article,<200,NA,39198
1920,lb,ad,200-400,<0.5,36
1920,de,ad,400-600,0.6-0.7,7395
1920,de,ad,400-600,NA,456
1920,de,ad,600-800,0.5-0.6,5505
1920,de,ad,400-600,0.7-0.8,5349
1920,de,ad,200-400,0.7-0.8,9090
1920,de,article,600-800,>=0.8,23599
1920,de,article,200-400,0.7-0.8,27429
1920,de,article,>=800,0.7-0.8,129827
1920,de,article,400-600,0.7-0.8,20734
1920,de,ad,>=800,0.7-0.8,14533
1920,de,ad,200-400,0.5-0.6,9128
1920,de,ad,200-400,NA,801
1920,de,ad,200-400,>=0.8,5177
1920,de,ad,600-800,0.6-0.7,5186
1920,de,ad,400-600,<0.5,5645
1920,de,ad,>=800,0.5-0.6,27952
1920,de,article,400-600,0.6-0.7,12062
1920,lb,ad,<200,<0.5,65
1920,de,article,600-800,0.7-0.8,15117
1920,de,ad,600-800,0.7-0.8,3562
1920,de,ad,<200,0.7-0.8,9247
1920,de,article,200-400,0.6-0.7,17489
1920,de,ad,<200,>=0.8,6167
1920,de,article,200-400,NA,1689
1920,de,article,>=800,NA,3091
1920,de,ad,<200,0.5-0.6,7674
1920,de,article,400-600,NA,1197
1920,de,ad,>=800,<0.5,27278
1920,de,ad,600-800,<0.5,4236
1930,de,article,>=800,0.7-0.8,152812
1930,de,article,400-600,NA,3107
1930,de,ad,400-600,0.6-0.7,7229
1930,de,ad,<200,0.7-0.8,12888
1930,de,ad,<200,<0.5,5904
1930,de,ad,400-600,NA,402
1930,de,article,200-400,>=0.8,70256
1930,de,article,>=800,>=0.8,292597
1930,de,article,<200,NA,54909
1930,de,article,<200,>=0.8,24886
1930,de,article,200-400,0.6-0.7,14533
1930,de,ad,>=800,0.7-0.8,26434
1930,de,article,200-400,0.5-0.6,6135
1930,de,ad,<200,0.5-0.6,8504
1930,de,article,600-800,0.7-0.8,18400
1930,de,ad,200-400,<0.5,4854
1930,de,ad,600-800,0.6-0.7,5804
1930,de,ad,<200,0.6-0.7,11484
1930,de,article,<200,0.7-0.8,13842
1930,de,article,<200,0.5-0.6,3527
1930,de,ad,>=800,<0.5,15706
1930,de,ad,<200,NA,72477
1930,de,ad,>=800,0.5-0.6,24809
1930,de,article,400-600,>=0.8,56010
1930,de,article,200-400,NA,1671
1930,de,article,600-800,>=0.8,41353
1930,de,article,600-800,0.5-0.6,2940
1930,de,ad,>=800,0.6-0.7,33435
1930,de,ad,200-400,0.6-0.7,11104
1930,de,ad,200-400,0.7-0.8,11226
1930,de,ad,200-400,0.5-0.6,8119
1930,de,ad,600-800,0.7-0.8,4752
1930,de,ad,200-400,>=0.8,9085
1930,de,ad,400-600,0.5-0.6,5622
1930,de,ad,<200,>=0.8,11750
1930,de,article,400-600,0.6-0.7,10015
1930,de,ad,600-800,<0.5,2112
1930,de,ad,400-600,<0.5,2903
1930,de,article,>=800,0.6-0.7,56360
1930,de,article,600-800,0.6-0.7,7409
1930,de,article,400-600,0.7-0.8,25007
1930,de,ad,>=800,>=0.8,8440
1930,de,ad,600-800,0.5-0.6,4252
1930,de,ad,600-800,>=0.8,2517
1930,lb,ad,<200,0.7-0.8,308
1930,de,ad,400-600,0.7-0.8,6082
1930,de,article,600-800,NA,1428
1930,lb,ad,<200,0.6-0.7,271
1930,de,ad,200-400,NA,762
1930,de,ad,400-600,>=0.8,4007
1930,lb,ad,200-400,>=0.8,236
1930,lb,article,<200,>=0.8,1305
1930,de,article,>=800,0.5-0.6,22144
1870,de,ad,>=800,0.6-0.7,9860
1870,de,ad,200-400,>=0.8,823
1870,de,ad,<200,>=0.8,566
1870,de,article,<200,NA,15649
1870,de,ad,<200,NA,3253
1870,de,article,>=800,0.6-0.7,17804
1870,de,article,400-600,0.7-0.8,3243
1870,de,ad,400-600,0.7-0.8,1062
1870,lb,article,>=800,0.5-0.6,96
1870,de,article,<200,0.6-0.7,2363
1870,de,ad,400-600,>=0.8,366
1870,de,ad,600-800,0.7-0.8,814
1870,de,ad,200-400,0.7-0.8,1493
1870,de,ad,400-600,0.6-0.7,1539
1870,de,ad,600-800,>=0.8,187
1870,de,article,200-400,>=0.8,5001
1870,de,ad,600-800,0.6-0.7,1335
1870,de,ad,200-400,0.6-0.7,2292
1870,lb,article,>=800,0.6-0.7,513
1870,lb,article,400-600,0.5-0.6,7
1870,de,article,200-400,0.7-0.8,4263
1870,lb,article,200-400,0.7-0.8,113
1870,de,article,>=800,0.5-0.6,10679
1870,de,article,>=800,<0.5,17011
1870,lb,ad,200-400,0.7-0.8,1
1870,de,ad,>=800,>=0.8,329
1870,de,ad,<200,0.7-0.8,872
1870,lb,article,>=800,0.7-0.8,330
1870,lb,article,600-800,0.7-0.8,90
1870,de,article,200-400,<0.5,3556
1870,de,article,600-800,0.6-0.7,2141
1870,lb,ad,600-800,0.7-0.8,1
1870,lb,ad,>=800,0.6-0.7,1
1870,lb,article,400-600,0.6-0.7,43
1870,lb,article,400-600,0.7-0.8,110
1870,lb,article,600-800,0.6-0.7,51
1870,de,article,600-800,<0.5,1525
1870,lb,article,200-400,0.5-0.6,10
1870,de,article,400-600,<0.5,2650
1870,de,article,<200,<0.5,1586
1870,lb,article,200-400,0.6-0.7,33
1870,de,article,200-400,NA,4969
1870,de,article,600-800,0.5-0.6,1331
1870,lb,article,<200,0.6-0.7,9
1870,lb,article,400-600,>=0.8,24
1880,lb,article,>=800,0.5-0.6,141
1880,de,article,200-400,0.7-0.8,7113
1880,de,article,200-400,>=0.8,6971
1880,de,article,200-400,0.6-0.7,6249
1880,de,article,>=800,>=0.8,66907
1880,de,ad,200-400,>=0.8,1023
1880,de,ad,400-600,0.7-0.8,1522
1880,de,article,600-800,>=0.8,3413
1880,de,article,400-600,>=0.8,4504
1880,de,article,>=800,0.6-0.7,14557
1880,de,article,200-400,0.5-0.6,3561
1880,de,article,>=800,<0.5,14692
1880,de,ad,>=800,>=0.8,555
1880,de,ad,400-600,>=0.8,590
1880,de,article,>=800,0.7-0.8,37368
1880,lb,article,>=800,0.6-0.7,545
1880,lb,article,>=800,0.7-0.8,284
1880,de,article,200-400,<0.5,4643
1880,de,article,400-600,<0.5,3607
1880,de,article,<200,<0.5,2928
1880,de,article,600-800,0.5-0.6,1038
1880,de,ad,<200,NA,3024
1880,lb,article,200-400,0.7-0.8,114
1880,lb,article,200-400,>=0.8,57
1880,lb,article,200-400,0.6-0.7,45
1880,lb,article,<200,0.7-0.8,28
1880,lb,article,400-600,0.7-0.8,121
1880,lb,article,600-800,0.7-0.8,87
1880,de,ad,<200,0.7-0.8,812
1880,de,article,600-800,<0.5,2144
1880,lb,article,400-600,0.6-0.7,43
1880,de,article,600-800,0.7-0.8,2728
1880,lb,article,400-600,0.5-0.6,9
1880,de,ad,200-400,0.6-0.7,1896
1880,de,article,<200,NA,23163
1880,de,article,>=800,0.5-0.6,5047
1880,de,ad,600-800,>=0.8,304
1880,lb,article,600-800,0.6-0.7,40
1880,lb,article,400-600,>=0.8,28
1880,lb,article,200-400,0.5-0.6,16
1880,lb,ad,600-800,0.6-0.7,2
1880,de,ad,<200,>=0.8,646
1880,de,article,400-600,0.5-0.6,1972
1880,de,article,400-600,0.6-0.7,3729
1880,de,article,400-600,0.7-0.8,4361
1880,de,ad,200-400,0.7-0.8,1939
1880,lb,article,600-800,0.5-0.6,5
1880,de,ad,600-800,0.6-0.7,1464
1880,lb,article,<200,>=0.8,28
1840,de,article,200-400,>=0.8,1744
1900,de,article,>=800,>=0.8,73848
1900,de,article,>=800,0.7-0.8,59876
1900,de,article,600-800,0.7-0.8,3068
1900,de,ad,<200,NA,7108
1900,de,article,<200,0.6-0.7,1374
1900,de,ad,200-400,0.7-0.8,3126
1900,de,ad,400-600,0.6-0.7,3834
1900,de,ad,600-800,<0.5,3554
1900,de,ad,>=800,0.6-0.7,23557
1900,de,ad,<200,0.7-0.8,1230
1900,de,ad,>=800,<0.5,41133
1900,de,ad,600-800,0.6-0.7,3068
1900,de,article,600-800,>=0.8,4753
1900,de,ad,>=800,0.5-0.6,30908
1900,de,article,200-400,>=0.8,7350
1900,de,ad,600-800,0.7-0.8,1641
1900,de,ad,<200,0.6-0.7,1430
1900,de,ad,>=800,0.7-0.8,5950
1900,de,article,<200,>=0.8,3375
1900,de,article,<200,NA,8889
1900,de,ad,200-400,0.5-0.6,3382
1900,de,ad,<200,0.5-0.6,1760
1900,de,ad,200-400,>=0.8,1336
1900,de,article,>=800,<0.5,22545
1900,lb,article,>=800,0.7-0.8,194
1900,de,ad,200-400,0.6-0.7,4033
1900,de,ad,<200,>=0.8,890
1900,de,article,600-800,0.5-0.6,703
1900,de,article,400-600,0.6-0.7,2401
1900,de,article,>=800,0.6-0.7,26459
1900,de,article,400-600,>=0.8,5437
1900,de,ad,400-600,>=0.8,701
1900,it,article,>=800,NA,636
1900,it,article,600-800,NA,36
1900,it,article,<200,NA,18
1900,de,ad,600-800,0.5-0.6,2877
1900,de,article,>=800,0.5-0.6,7105
1900,de,ad,400-600,0.7-0.8,2914
1900,it,article,400-600,NA,27
1900,de,article,400-600,0.7-0.8,3894
1900,de,ad,>=800,>=0.8,725
1900,lb,article,400-600,0.7-0.8,69
1900,de,ad,600-800,>=0.8,324
1900,lb,article,600-800,>=0.8,7
1900,lb,article,600-800,0.7-0.8,43
1900,lb,article,600-800,0.6-0.7,25
1900,lb,article,400-600,0.6-0.7,20
1900,lb,article,>=800,0.6-0.7,269
1900,de,ad,<200,<0.5,3377
1900,de,ad,400-600,<0.5,4196
1900,de,article,400-600,<0.5,4941
1900,de,ad,>=800,NA,1418
1900,de,article,<200,0.5-0.6,2113
1900,de,article,400-600,0.5-0.6,1113
1900,lb,article,<200,0.6-0.7,67
1900,de,article,600-800,<0.5,3171
1910,de,ad,>=800,0.7-0.8,8293
1910,de,ad,600-800,0.6-0.7,3843
1910,de,ad,<200,NA,11824
1910,de,article,>=800,>=0.8,131214
1910,de,article,<200,>=0.8,11767
1910,de,article,600-800,>=0.8,19260
1910,de,article,200-400,>=0.8,34887
1910,de,article,>=800,0.7-0.8,86776
1910,de,ad,400-600,0.7-0.8,3191
1910,de,article,200-400,0.6-0.7,7492
1910,de,article,600-800,0.7-0.8,9017
1910,de,article,<200,NA,16225
1910,de,ad,600-800,>=0.8,853
1910,de,ad,<200,0.6-0.7,3058
1910,de,ad,400-600,0.6-0.7,4999
1910,de,article,400-600,>=0.8,26620
1910,de,article,200-400,0.7-0.8,15720
1910,de,ad,600-800,0.7-0.8,2135
1910,de,ad,200-400,0.7-0.8,4371
1910,de,article,400-600,0.7-0.8,12294
1910,de,ad,<200,>=0.8,2178
1910,de,ad,200-400,0.6-0.7,6042
1910,de,article,>=800,0.6-0.7,40473
1910,de,ad,200-400,0.5-0.6,5551
1910,de,ad,600-800,0.5-0.6,3423
1910,lb,article,200-400,0.7-0.8,44
1910,lb,article,<200,0.7-0.8,41
1910,de,article,>=800,0.5-0.6,15070
1910,de,article,600-800,0.6-0.7,4515
1910,de,article,400-600,0.5-0.6,2727
1910,de,ad,400-600,0.5-0.6,4323
1910,lb,article,>=800,0.6-0.7,198
1910,de,ad,>=800,>=0.8,2071
1910,de,ad,400-600,>=0.8,1344
1910,de,ad,200-400,>=0.8,2233
1910,de,ad,<200,0.7-0.8,2915
1910,de,article,<200,0.7-0.8,5447
1910,de,article,600-800,0.5-0.6,1967
1910,de,ad,400-600,<0.5,4579
1910,de,article,400-600,0.6-0.7,6283
1910,de,article,<200,<0.5,3527
1910,de,ad,>=800,NA,1529
1910,de,ad,>=800,<0.5,26771
1910,it,article,400-600,NA,69
1910,de,article,<200,0.5-0.6,1759
1910,de,article,200-400,0.5-0.6,3126
1910,de,ad,600-800,<0.5,3302
1910,lb,article,>=800,0.7-0.8,242
1910,de,article,200-400,NA,650
1910,de,article,600-800,NA,220
1910,de,article,>=800,NA,1580
1910,lb,ad,<200,0.6-0.7,34
1910,lb,ad,200-400,0.7-0.8,10
1910,lb,ad,<200,0.7-0.8,23
1910,de,article,>=800,<0.5,30214
1910,de,article,600-800,<0.5,3761
1910,de,article,200-400,<0.5,7289
1910,lb,article,600-800,0.7-0.8,18
1910,de,ad,200-400,NA,918
1910,lb,article,400-600,0.7-0.8,26
1910,lb,article,200-400,0.6-0.7,23
1910,de,article,400-600,NA,384
1920,de,article,>=800,0.6-0.7,69599
1920,de,ad,400-600,>=0.8,2537
1920,lb,article,>=800,0.7-0.8,823
1920,de,article,>=800,0.5-0.6,24790
1920,de,ad,600-800,>=0.8,1382
1920,de,article,600-800,0.6-0.7,8733
1920,de,article,<200,0.6-0.7,7455
1920,de,article,200-400,0.5-0.6,7775
1920,lb,ad,200-400,0.7-0.8,73
1920,de,ad,>=800,NA,2626
1920,it,article,>=800,NA,157
1920,de,article,600-800,0.5-0.6,3394
1920,de,ad,600-800,NA,340
1920,lb,ad,400-600,0.6-0.7,26
1920,lb,article,<200,0.7-0.8,236
1920,de,article,400-600,0.5-0.6,4949
1920,lb,ad,>=800,0.6-0.7,36
1920,lb,ad,400-600,0.7-0.8,37
1860,de,ad,>=800,<0.5,6208
1860,de,ad,600-800,0.6-0.7,684
1860,de,ad,400-600,0.5-0.6,655
1860,de,ad,>=800,0.5-0.6,5068
1860,de,ad,>=800,0.6-0.7,5048
1860,de,ad,600-800,0.5-0.6,464
1860,de,ad,400-600,<0.5,693
1860,de,ad,200-400,0.7-0.8,980
1860,de,ad,400-600,0.6-0.7,881
1860,de,ad,200-400,0.5-0.6,898
1860,de,ad,200-400,0.6-0.7,1158
1860,de,ad,<200,<0.5,595
1860,de,ad,200-400,<0.5,838
1860,de,ad,<200,0.6-0.7,588
1860,de,article,200-400,<0.5,798
1860,de,article,400-600,>=0.8,3309
1860,de,article,>=800,0.6-0.7,15939
1860,de,ad,600-800,<0.5,567
1860,de,ad,<200,0.5-0.6,525
1860,de,ad,<200,>=0.8,367
1860,de,article,600-800,0.6-0.7,1985
1860,de,ad,200-400,>=0.8,409
1860,de,ad,600-800,0.7-0.8,600
1860,de,article,600-800,<0.5,423
1860,de,article,400-600,<0.5,468
1860,de,ad,400-600,0.7-0.8,742
1860,de,ad,<200,0.7-0.8,489
1860,de,article,400-600,0.5-0.6,887
1870,de,ad,>=800,<0.5,12230
1870,de,ad,200-400,0.5-0.6,1725
1870,de,ad,600-800,0.5-0.6,1099
1870,de,ad,<200,<0.5,2090
1870,de,ad,400-600,0.5-0.6,1170
1870,de,ad,600-800,<0.5,1727
1870,de,ad,200-400,<0.5,2743
1870,lb,article,200-400,<0.5,4
1870,lb,article,<200,<0.5,4
1870,de,ad,400-600,<0.5,2115
1940,de,article,200-400,>=0.8,47910
1940,de,ad,<200,NA,35516
1940,de,article,200-400,<0.5,2439
1940,de,article,<200,NA,78331
1940,de,article,>=800,NA,6118
1940,de,article,200-400,NA,2278
1940,la,article,>=800,NA,77
1950,de,article,>=800,>=0.8,236767
1950,de,article,>=800,0.5-0.6,3766
1950,de,article,200-400,>=0.8,27635
1950,de,article,600-800,>=0.8,16759
1950,de,article,>=800,0.6-0.7,9472
1950,de,article,>=800,NA,4531
1950,de,article,>=800,0.7-0.8,18406
1950,fr,article,>=800,0.6-0.7,22765
1950,de,article,400-600,>=0.8,19263
1950,de,article,<200,NA,103167
1950,fr,article,>=800,0.7-0.8,94695
1950,la,article,>=800,NA,84
1950,de,article,200-400,0.7-0.8,18240
1950,de,article,600-800,0.7-0.8,5907
1950,de,article,<200,>=0.8,20193
1950,de,article,<200,0.7-0.8,13928
1950,de,article,>=800,<0.5,698
1950,fr,article,>=800,<0.5,2922
1950,de,article,<200,0.6-0.7,8384
1950,fr,article,>=800,0.5-0.6,1472
1950,de,article,400-600,0.7-0.8,9135
1950,de,article,400-600,0.6-0.7,6348
1950,fr,article,>=800,>=0.8,627142
1950,fr,article,400-600,>=0.8,96104
1950,de,ad,<200,0.7-0.8,6307
1950,fr,article,200-400,0.6-0.7,3179
1950,fr,article,200-400,0.7-0.8,16645
1960,de,article,>=800,>=0.8,253487
1960,de,article,600-800,0.7-0.8,7062
1960,de,article,600-800,>=0.8,24377
1960,fr,article,>=800,0.6-0.7,28038
1960,de,article,>=800,0.7-0.8,26170
1960,de,article,400-600,>=0.8,31695
1960,de,article,>=800,0.6-0.7,11328
1960,de,article,<200,>=0.8,22337
1960,de,article,>=800,NA,4892
1960,de,article,200-400,0.7-0.8,19907
1960,de,article,<200,0.6-0.7,8544
1960,fr,article,>=800,0.5-0.6,2122
1960,de,article,200-400,>=0.8,38863
1960,de,article,400-600,0.7-0.8,11046
1960,fr,article,>=800,0.7-0.8,135484
1960,de,article,200-400,0.6-0.7,15261
1960,de,article,400-600,0.6-0.7,7836
1960,de,article,400-600,NA,3226
1960,de,article,<200,0.7-0.8,13720
1960,fr,article,400-600,0.7-0.8,16300
1960,fr,article,200-400,0.7-0.8,19385
1960,de,article,200-400,0.5-0.6,7209
1960,fr,article,>=800,>=0.8,906148
1960,fr,article,200-400,>=0.8,154644
1960,fr,ad,200-400,0.6-0.7,13353
1960,de,article,600-800,NA,937
1960,de,article,600-800,0.6-0.7,4234
1960,de,article,<200,NA,141356
1960,de,article,400-600,0.5-0.6,3554
1960,de,article,>=800,0.5-0.6,5009
1960,fr,ad,>=800,0.7-0.8,41875
1960,fr,article,>=800,<0.5,676
1960,fr,article,400-600,0.6-0.7,2749
1960,fr,article,200-400,0.6-0.7,4118
1960,fr,article,600-800,0.6-0.7,2056
1970,de,article,200-400,0.7-0.8,17379
1970,fr,article,>=800,0.6-0.7,27660
1970,de,article,>=800,>=0.8,293599
1970,de,article,>=800,0.7-0.8,45199
1970,fr,article,>=800,0.7-0.8,151150
1970,de,article,200-400,0.6-0.7,9627
1970,de,article,400-600,>=0.8,41183
1970,fr,article,>=800,0.5-0.6,2751
1970,de,article,400-600,0.7-0.8,11987
1890,de,article,>=800,0.6-0.7,12883
1890,de,article,200-400,<0.5,6909
1890,de,article,>=800,0.7-0.8,38842
1890,de,article,>=800,>=0.8,66753
1890,de,article,600-800,>=0.8,2977
1890,de,ad,<200,NA,4933
1890,de,ad,200-400,0.5-0.6,2298
1890,de,ad,600-800,0.5-0.6,1645
1890,de,ad,<200,>=0.8,686
1890,de,ad,<200,0.6-0.7,1342
1890,de,article,>=800,0.5-0.6,4135
1890,de,ad,<200,<0.5,3211
1890,de,ad,>=800,<0.5,23526
1890,de,ad,200-400,0.7-0.8,2781
1890,de,ad,400-600,0.7-0.8,1651
1890,de,article,400-600,>=0.8,3670
1890,de,ad,<200,0.5-0.6,1676
1890,de,article,400-600,0.6-0.7,2411
1890,de,article,<200,NA,12560
1890,de,ad,600-800,0.6-0.7,2057
1890,de,ad,600-800,0.7-0.8,1391
1890,de,article,400-600,0.7-0.8,3390
1890,de,article,600-800,0.7-0.8,2302
1890,de,article,600-800,0.5-0.6,660
1890,de,ad,>=800,0.7-0.8,5478
1890,de,article,200-400,>=0.8,5025
1890,de,article,<200,>=0.8,3004
1890,de,ad,200-400,>=0.8,1459
1890,de,article,200-400,0.5-0.6,1844
1890,de,ad,<200,0.7-0.8,1125
1890,de,article,200-400,0.7-0.8,4698
1890,de,ad,400-600,>=0.8,711
1890,de,article,400-600,0.5-0.6,1197
1890,de,ad,200-400,<0.5,4522
1890,de,ad,400-600,<0.5,2703
1890,de,article,400-600,<0.5,4698
1890,de,article,600-800,<0.5,2684
1890,de,article,<200,0.5-0.6,1696
1890,de,ad,>=800,>=0.8,595
1890,de,article,>=800,<0.5,17084
1890,de,ad,200-400,NA,208
1890,de,article,<200,<0.5,3272
1900,de,article,200-400,0.5-0.6,2151
1900,de,ad,400-600,NA,286
1900,de,article,200-400,<0.5,8795
1900,lb,ad,400-600,0.6-0.7,1
1900,sv,ad,<200,NA,1
1900,de,article,>=800,NA,2382
1900,de,ad,200-400,NA,347
1900,de,article,<200,<0.5,5182
1900,de,article,600-800,NA,230
1900,de,ad,600-800,NA,211
1900,it,ad,200-400,NA,35
1900,de,article,200-400,NA,299
1900,de,article,400-600,NA,265
1910,de,article,400-600,<0.5,5166
1910,de,ad,600-800,NA,227
1910,de,ad,400-600,NA,429
1910,lb,ad,200-400,<0.5,9
1910,lb,article,>=800,0.5-0.6,105
1910,lb,article,400-600,0.6-0.7,19
1910,lb,article,600-800,0.6-0.7,24
1840,de,article,>=800,>=0.8,12527
1840,de,article,200-400,0.6-0.7,515
1840,de,article,>=800,0.6-0.7,6853
1840,de,article,400-600,>=0.8,1505
1840,de,article,200-400,0.7-0.8,1125
1840,de,article,600-800,>=0.8,1112
1840,de,article,400-600,0.7-0.8,838
1840,de,article,600-800,0.7-0.8,816
1840,fr,article,400-600,<0.5,6
1840,de,article,<200,0.7-0.8,481
1840,de,article,>=800,0.5-0.6,1726
1850,de,article,400-600,0.7-0.8,1824
1850,de,article,>=800,0.5-0.6,8385
1850,de,article,600-800,0.7-0.8,1861
1850,de,article,>=800,0.6-0.7,14802
1850,de,article,200-400,0.6-0.7,1808
1850,de,article,<200,0.6-0.7,975
1850,fr,article,200-400,<0.5,76
1850,de,article,>=800,<0.5,2798
1850,de,ad,<200,0.7-0.8,70
1850,de,article,600-800,0.6-0.7,1399
1850,fr,article,600-800,<0.5,94
1850,fr,article,<200,<0.5,20
1850,de,article,600-800,>=0.8,1942
1850,de,article,<200,0.5-0.6,596
1860,de,article,400-600,0.7-0.8,3590
1860,de,article,600-800,>=0.8,2752
1860,de,article,200-400,>=0.8,4051
1860,de,article,>=800,0.7-0.8,36910
1860,de,article,>=800,0.5-0.6,5807
1860,de,article,<200,0.7-0.8,2056
1860,de,article,600-800,0.7-0.8,3252
1860,de,ad,>=800,0.7-0.8,3043
1860,fr,article,200-400,<0.5,73
1860,fr,article,600-800,<0.5,76
1860,de,article,>=800,NA,5930
1860,de,article,<200,NA,14606
1860,de,ad,<200,NA,4704
1860,de,ad,>=800,>=0.8,284
1860,de,ad,400-600,>=0.8,230
1860,de,ad,600-800,>=0.8,146
1870,de,article,>=800,NA,8734
1930,lb,article,200-400,0.6-0.7,101
1930,lb,article,400-600,0.6-0.7,39
1930,lb,article,200-400,0.7-0.8,311
1930,lb,article,>=800,0.5-0.6,77
1930,lb,article,>=800,0.6-0.7,133
1930,lb,article,600-800,0.6-0.7,47
1930,lb,article,>=800,0.7-0.8,361
1930,lb,ad,>=800,0.6-0.7,46
1930,lb,ad,>=800,0.5-0.6,15
1930,lb,article,<200,NA,725
1930,lb,article,<200,0.7-0.8,311
1930,lb,article,400-600,0.5-0.6,36
1930,lb,ad,200-400,0.6-0.7,136
1930,lb,ad,<200,NA,231
1930,lb,article,<200,0.6-0.7,73
1930,lb,ad,200-400,0.5-0.6,86
1930,lb,ad,600-800,0.5-0.6,14
1930,lb,ad,200-400,<0.5,53
1930,lb,article,200-400,>=0.8,1053
1890,lb,article,>=800,<0.5,50
1890,it,article,400-600,NA,5
1890,de,ad,400-600,NA,163
1890,de,article,>=800,NA,2459
1840,de,ad,>=800,<0.5,449
1840,lb,article,>=800,0.6-0.7,16
1840,lb,article,>=800,0.5-0.6,3
1840,de,ad,>=800,0.7-0.8,237
1840,lb,article,>=800,0.7-0.8,13
1840,de,ad,200-400,<0.5,47
1840,de,ad,<200,<0.5,27
1850,lb,article,<200,0.7-0.8,1
1850,de,ad,200-400,<0.5,94
1850,de,ad,400-600,<0.5,218
1850,de,ad,<200,<0.5,38
1850,de,ad,200-400,0.5-0.6,86
1850,de,ad,600-800,<0.5,136
1850,lb,ad,<200,0.6-0.7,2
1850,lb,article,>=800,0.6-0.7,6
1850,lb,article,200-400,>=0.8,2
1850,de,ad,>=800,0.7-0.8,1136
1850,lb,article,>=800,0.5-0.6,7
1850,lb,article,600-800,0.7-0.8,1
1850,de,article,600-800,0.5-0.6,739
1850,lb,article,>=800,>=0.8,1
1850,de,ad,400-600,0.6-0.7,128
1850,de,ad,400-600,0.7-0.8,160
1850,de,article,400-600,<0.5,313
1850,de,article,600-800,<0.5,226
1850,de,ad,>=800,0.5-0.6,630
1850,de,ad,<200,0.5-0.6,33
1850,de,ad,400-600,0.5-0.6,108
1850,de,ad,600-800,0.6-0.7,163
1850,de,ad,200-400,0.7-0.8,185
1850,de,ad,200-400,>=0.8,92
1850,de,article,200-400,<0.5,428
1850,de,article,400-600,0.5-0.6,994
1850,de,ad,200-400,0.6-0.7,153
1850,de,ad,>=800,0.6-0.7,1585
1850,lb,article,200-400,0.7-0.8,1
1850,lb,article,200-400,0.6-0.7,13
1850,de,ad,<200,>=0.8,53
1860,de,article,>=800,<0.5,4347
1860,de,article,400-600,0.6-0.7,2392
1860,lb,ad,200-400,0.5-0.6,1
1860,de,article,<200,0.5-0.6,895
1860,de,article,600-800,0.5-0.6,809
1860,lb,article,>=800,0.6-0.7,94
1860,lb,ad,<200,0.7-0.8,1
1920,de,article,600-800,NA,512
1890,lb,article,>=800,0.7-0.8,330
1890,lb,article,>=800,0.6-0.7,474
1890,lb,article,>=800,0.5-0.6,125
1890,lb,article,400-600,0.6-0.7,58
1890,lb,article,200-400,0.6-0.7,89
1890,lb,article,600-800,0.6-0.7,38
1890,lb,article,400-600,0.7-0.8,208
1890,lb,article,200-400,0.7-0.8,372
1890,lb,article,600-800,>=0.8,15
1890,lb,article,200-400,>=0.8,257
1890,lb,article,<200,0.7-0.8,131
1890,lb,article,600-800,0.7-0.8,114
1890,lb,article,<200,0.6-0.7,43
1890,lb,article,>=800,>=0.8,18
1890,lb,article,<200,>=0.8,145
1890,lb,article,400-600,>=0.8,50
1890,lb,article,200-400,0.5-0.6,25
1890,lb,ad,200-400,0.5-0.6,5
1890,lb,article,400-600,0.5-0.6,16
1890,lb,article,600-800,0.5-0.6,12
1890,lb,ad,<200,0.6-0.7,4
1890,lb,article,<200,0.5-0.6,7
1890,lb,article,400-600,<0.5,33
1890,lb,ad,600-800,0.6-0.7,1
1890,lb,ad,>=800,0.5-0.6,8
1890,lb,ad,>=800,<0.5,18
1890,lb,article,<200,<0.5,3
1890,lb,ad,600-800,0.5-0.6,2
1900,lb,article,200-400,>=0.8,320
1900,lb,article,200-400,0.7-0.8,375
1900,lb,article,<200,0.7-0.8,292
1900,lb,article,200-400,0.6-0.7,73
1900,lb,article,<200,0.5-0.6,20
1900,lb,article,400-600,>=0.8,15
1900,lb,article,>=800,0.5-0.6,65
1900,lb,article,>=800,>=0.8,7
1900,lb,article,<200,<0.5,9
1900,lb,ad,>=800,<0.5,4
1900,lb,ad,>=800,0.5-0.6,2
1900,lb,ad,400-600,0.5-0.6,1
1900,lb,ad,>=800,0.6-0.7,4
1930,de,article,400-600,0.5-0.6,3985
1930,lb,article,>=800,>=0.8,129
1930,de,article,400-600,<0.5,2445
1930,lb,article,600-800,>=0.8,88
1930,lb,article,400-600,0.7-0.8,166
1930,lb,article,400-600,>=0.8,200
1930,de,article,200-400,<0.5,3034
1930,lb,ad,200-400,0.7-0.8,256
1930,lb,article,600-800,0.7-0.8,86
1930,lb,ad,600-800,0.7-0.8,27
1930,lb,ad,<200,>=0.8,270
1930,lb,ad,400-600,>=0.8,54
1940,lb,article,>=800,0.7-0.8,8874
1940,lb,article,<200,>=0.8,1202
1940,lb,article,>=800,>=0.8,1817
1940,lb,article,200-400,0.7-0.8,2373
1940,lb,article,200-400,0.6-0.7,815
1940,lb,article,<200,0.6-0.7,232
1880,de,ad,<200,0.6-0.7,800
1880,lb,ad,>=800,<0.5,9
1880,de,ad,400-600,0.6-0.7,1739
1880,de,article,600-800,0.6-0.7,2250
1880,de,ad,200-400,0.5-0.6,1297
1880,de,article,<200,0.5-0.6,2976
1880,de,ad,400-600,0.5-0.6,1150
1880,de,ad,<200,0.5-0.6,769
1880,de,ad,<200,<0.5,1759
1880,de,ad,>=800,<0.5,14789
1880,lb,article,<200,0.5-0.6,5
1880,de,ad,400-600,<0.5,1923
1880,lb,article,400-600,<0.5,25
1880,lb,article,<200,<0.5,2
1880,lb,article,200-400,<0.5,26
1880,de,ad,600-800,0.5-0.6,988
1880,lb,article,>=800,<0.5,37
1880,lb,article,<200,0.6-0.7,15
1880,de,ad,400-600,NA,402
1890,de,ad,600-800,NA,100
1890,lb,article,200-400,<0.5,9
1890,lb,article,600-800,<0.5,10
1890,lb,ad,200-400,<0.5,22
1910,en,ad,<200,NA,21
1910,en,ad,400-600,0.7-0.8,22
1910,en,ad,>=800,0.6-0.7,13
1910,en,article,200-400,0.7-0.8,8
1910,en,article,<200,NA,25
1910,en,ad,600-800,0.7-0.8,7
1910,en,ad,200-400,>=0.8,94
1910,en,ad,600-800,0.6-0.7,4
1910,en,ad,200-400,0.6-0.7,10
1910,en,article,>=800,0.5-0.6,1
1910,en,article,200-400,NA,4
1910,en,ad,400-600,0.6-0.7,3
1910,en,article,>=800,NA,3
1910,en,article,>=800,<0.5,1
1910,en,article,400-600,NA,2
1910,en,ad,200-400,0.7-0.8,28
1910,en,ad,600-800,>=0.8,11
1910,en,article,600-800,NA,1
1840,de,article,600-800,0.5-0.6,68
1840,de,ad,<200,NA,856
1840,de,article,<200,NA,4116
1840,de,article,400-600,0.6-0.7,365
1840,de,article,<200,0.6-0.7,298
1840,de,article,600-800,<0.5,22
1840,de,article,600-800,0.6-0.7,355
1840,de,article,200-400,0.5-0.6,154
1840,de,article,<200,<0.5,67
1840,de,article,200-400,<0.5,64
1840,de,ad,200-400,NA,10
1840,de,article,>=800,NA,81
1840,de,article,<200,0.5-0.6,186
1840,de,article,200-400,NA,117
1840,de,article,400-600,<0.5,18
1840,de,article,400-600,0.5-0.6,99
1840,de,article,400-600,NA,93
1840,de,article,600-800,NA,62
1840,de,ad,<200,0.7-0.8,50
1840,de,ad,600-800,0.6-0.7,11
1840,de,ad,600-800,>=0.8,45
1840,de,ad,400-600,<0.5,30
1990,de,article,>=800,>=0.8,185059
1990,fr,article,>=800,0.7-0.8,47565
1990,fr,article,>=800,0.6-0.7,12133
1990,de,article,200-400,0.7-0.8,10382
1990,de,ad,>=800,>=0.8,3727
1990,lb,article,>=800,0.7-0.8,115
1990,lb,article,>=800,0.6-0.7,15
1990,lb,article,400-600,0.7-0.8,4
1990,de,article,>=800,0.6-0.7,8117
1990,fr,article,<200,>=0.8,66215
1990,fr,article,>=800,0.5-0.6,2962
1990,fr,article,>=800,>=0.8,1150429
1990,fr,article,400-600,0.6-0.7,1584
1990,de,article,400-600,0.5-0.6,874
1990,fr,article,>=800,<0.5,1938
1990,fr,article,200-400,0.7-0.8,10121
1990,en,article,200-400,0.7-0.8,19
1990,fr,article,<200,0.6-0.7,3426
1990,lb,article,<200,0.6-0.7,2
1990,de,article,600-800,>=0.8,21818
1990,de,article,400-600,>=0.8,23392
1990,de,article,200-400,0.5-0.6,1900
1990,de,article,200-400,>=0.8,25048
1990,de,article,400-600,0.6-0.7,3346
1990,de,article,<200,0.7-0.8,5707
1990,de,article,200-400,0.6-0.7,5044
1990,fr,article,600-800,0.6-0.7,822
1990,de,article,<200,0.5-0.6,1837
1990,de,article,<200,>=0.8,10050
1990,fr,article,400-600,0.7-0.8,6967
1990,de,article,<200,0.6-0.7,3425
1990,de,article,>=800,0.7-0.8,38252
1990,de,article,400-600,0.7-0.8,8732
1990,de,article,600-800,0.7-0.8,6395
1990,fr,article,600-800,>=0.8,100047
1990,de,ad,<200,NA,16675
1990,de,ad,>=800,0.6-0.7,8903
1990,fr,ad,400-600,0.7-0.8,19713
1990,lb,article,<200,>=0.8,29
1990,lb,article,600-800,0.7-0.8,5
1990,de,article,200-400,<0.5,621
1990,lb,article,200-400,>=0.8,83
1990,lb,article,400-600,>=0.8,104
1990,fr,ad,<200,0.6-0.7,10736
1990,fr,ad,600-800,0.6-0.7,1807
1990,fr,article,200-400,0.5-0.6,621
1990,de,ad,>=800,0.7-0.8,4939
1990,fr,article,200-400,0.6-0.7,2102
1990,lb,article,>=800,>=0.8,439
1990,de,article,<200,NA,102729
1990,de,ad,200-400,0.7-0.8,4844
1990,de,article,>=800,0.5-0.6,1286
1990,fr,article,400-600,0.5-0.6,612
1990,de,article,>=800,NA,6656
1990,de,article,600-800,0.6-0.7,2295
1990,de,ad,>=800,0.5-0.6,2660
1990,fr,article,<200,0.7-0.8,9910
1990,lb,article,<200,0.5-0.6,1
1990,fr,ad,400-600,0.5-0.6,406
1990,fr,ad,>=800,0.7-0.8,29045
1940,lb,article,400-600,>=0.8,1462
1940,lb,article,>=800,0.6-0.7,5560
1940,lb,article,400-600,0.7-0.8,2031
1940,lb,article,>=800,0.5-0.6,988
1940,lb,ad,>=800,0.6-0.7,481
1940,lb,ad,600-800,0.6-0.7,113
1940,lb,ad,<200,<0.5,35
1940,lb,ad,<200,NA,1267
1940,lb,article,200-400,>=0.8,2471
1940,lb,article,600-800,0.6-0.7,501
1940,lb,ad,400-600,0.5-0.6,55
1940,lb,ad,400-600,0.6-0.7,193
1940,lb,ad,400-600,0.7-0.8,389
1940,lb,ad,<200,0.7-0.8,765
1940,lb,ad,200-400,>=0.8,991
1940,lb,ad,400-600,>=0.8,273
1940,lb,article,600-800,0.7-0.8,1572
1940,lb,article,600-800,>=0.8,842
1940,lb,ad,>=800,0.7-0.8,617
1940,lb,article,<200,NA,1956
1940,lb,article,400-600,0.6-0.7,679
1940,lb,article,200-400,0.5-0.6,207
1940,lb,ad,>=800,>=0.8,78
1940,lb,ad,<200,>=0.8,1031
1940,lb,ad,200-400,0.6-0.7,322
1940,lb,ad,200-400,0.7-0.8,866
1940,lb,ad,600-800,>=0.8,96
1940,lb,ad,200-400,0.5-0.6,100
1940,en,article,>=800,>=0.8,695
1940,lb,ad,600-800,0.5-0.6,24
1940,lb,ad,>=800,0.5-0.6,79
1940,lb,article,200-400,NA,174
1940,lb,article,400-600,NA,173
1940,lb,article,400-600,0.5-0.6,129
1940,lb,ad,600-800,0.7-0.8,207
1940,lb,article,>=800,NA,64
1940,lb,article,600-800,0.5-0.6,98
1940,lb,article,<200,<0.5,12
1940,de,ad,400-600,>=0.8,4332
1940,lb,article,600-800,NA,18
1940,lb,ad,400-600,NA,3
1940,de,ad,>=800,>=0.8,3666
1940,lb,article,200-400,<0.5,39
1940,de,ad,600-800,>=0.8,1822
1940,lb,ad,200-400,NA,4
1940,de,ad,600-800,<0.5,321
1940,lb,article,600-800,<0.5,22
1940,lb,ad,>=800,NA,5
1940,en,ad,200-400,0.6-0.7,6
1940,it,article,200-400,NA,55
1940,it,article,<200,NA,27
1890,de,ad,>=800,NA,427
1890,de,article,600-800,NA,441
1890,de,article,400-600,NA,603
1890,de,article,200-400,NA,768
1890,en,ad,200-400,0.6-0.7,4
1890,lb,ad,400-600,0.5-0.6,3
1880,de,article,>=800,NA,5513
1880,lb,ad,<200,<0.5,11
1880,lb,ad,600-800,<0.5,1
1880,lb,ad,200-400,<0.5,21
1880,de,ad,200-400,<0.5,2456
1880,de,ad,>=800,NA,429
1880,de,article,400-600,NA,2736
1880,de,article,200-400,NA,3309
1880,de,article,600-800,NA,1818
1880,lb,ad,400-600,<0.5,15
1880,de,ad,200-400,NA,523
1880,lb,article,600-800,<0.5,32
1880,lb,ad,200-400,0.5-0.6,1
1880,de,ad,600-800,NA,365
1900,lb,ad,600-800,<0.5,1
1930,de,ad,600-800,NA,305
1930,de,article,600-800,<0.5,2009
1940,lb,ad,200-400,<0.5,17
1940,de,ad,200-400,NA,538
1940,de,ad,>=800,NA,532
1940,de,ad,400-600,NA,299
1940,de,ad,600-800,NA,116
1990,de,ad,600-800,>=0.8,1943
1990,fr,ad,400-600,>=0.8,145669
1990,lb,ad,200-400,0.7-0.8,71
1990,de,ad,200-400,NA,951
1990,lb,ad,400-600,0.7-0.8,43
1990,lb,article,600-800,>=0.8,85
1990,fr,article,400-600,>=0.8,112128
1990,de,ad,200-400,0.6-0.7,2237
1990,fr,ad,<200,0.5-0.6,2588
1990,fr,ad,200-400,0.6-0.7,8461
1990,de,article,600-800,NA,2032
1990,de,article,400-600,NA,2272
1990,fr,ad,<200,>=0.8,231535
1990,de,ad,400-600,0.7-0.8,1806
1990,fr,ad,200-400,>=0.8,380212
1990,de,ad,400-600,0.5-0.6,311
1990,lb,ad,200-400,>=0.8,113
1990,de,ad,<200,>=0.8,6768
2000,de,article,>=800,>=0.8,129798
2000,fr,article,>=800,>=0.8,859528
2000,fr,article,600-800,>=0.8,88649
2000,de,ad,>=800,>=0.8,3236
2000,fr,article,200-400,>=0.8,148127
2000,fr,article,400-600,>=0.8,101744
2000,fr,ad,>=800,>=0.8,141496
2000,de,article,200-400,0.7-0.8,6057
2000,de,article,600-800,>=0.8,12819
2000,de,article,200-400,>=0.8,14528
2000,lb,article,>=800,>=0.8,356
2000,lb,ad,>=800,>=0.8,9
2000,de,article,400-600,>=0.8,15686
2000,de,article,600-800,0.7-0.8,3671
2000,de,article,400-600,0.7-0.8,5339
2000,de,article,>=800,0.7-0.8,22605
2000,de,article,<200,>=0.8,8224
2000,de,article,<200,NA,52142
2000,de,ad,<200,NA,18695
2000,fr,article,600-800,0.7-0.8,4044
2000,de,article,<200,0.7-0.8,4005
2000,de,ad,200-400,>=0.8,7098
2000,de,article,>=800,0.6-0.7,6106
2000,de,ad,<200,0.7-0.8,2100
2000,de,ad,<200,>=0.8,5355
2000,de,ad,>=800,0.7-0.8,2686
2000,de,ad,600-800,>=0.8,1069
2000,de,article,>=800,0.5-0.6,874
2000,de,ad,600-800,0.6-0.7,257
2000,fr,ad,200-400,0.7-0.8,21241
2000,lb,ad,<200,>=0.8,9
2000,de,ad,400-600,0.6-0.7,499
2000,fr,ad,400-600,>=0.8,84153
2000,lb,ad,400-600,>=0.8,30
2000,de,ad,200-400,0.7-0.8,2434
2000,de,ad,600-800,0.7-0.8,468
2000,fr,ad,>=800,0.5-0.6,856
2000,fr,ad,<200,>=0.8,127890
2000,fr,ad,200-400,0.6-0.7,4393
2000,fr,ad,200-400,>=0.8,213044
2000,de,ad,200-400,0.6-0.7,1428
2000,fr,ad,600-800,>=0.8,48553
2000,lb,ad,200-400,0.7-0.8,11
2000,fr,article,>=800,0.6-0.7,11379
2000,fr,ad,200-400,0.5-0.6,599
2000,de,article,200-400,0.5-0.6,1057
2000,de,article,200-400,0.6-0.7,2643
2000,de,article,<200,0.5-0.6,1231
2000,de,ad,200-400,0.5-0.6,615
2000,de,ad,400-600,0.7-0.8,973
2000,fr,ad,400-600,0.7-0.8,9793
2000,de,ad,200-400,NA,1046
2000,de,ad,600-800,0.5-0.6,120
2000,fr,ad,600-800,0.6-0.7,1027
2000,fr,article,400-600,0.6-0.7,1127
2000,lb,ad,200-400,0.6-0.7,7
2000,fr,ad,400-600,0.6-0.7,1569
2000,fr,article,>=800,0.7-0.8,45819
2000,de,ad,400-600,>=0.8,2111
2000,lb,ad,>=800,0.5-0.6,3
2000,de,ad,>=800,NA,122
2000,de,ad,400-600,0.5-0.6,264
2000,de,ad,<200,0.5-0.6,559
2000,de,article,400-600,0.6-0.7,1790
2000,lb,article,600-800,>=0.8,65
2000,fr,ad,<200,0.7-0.8,21787
2000,fr,article,<200,>=0.8,55612
2000,fr,ad,>=800,0.7-0.8,16980
2000,de,ad,<200,0.6-0.7,1358
2000,fr,ad,600-800,0.7-0.8,5503
2000,de,ad,200-400,<0.5,203
2000,fr,ad,>=800,0.6-0.7,5603
2000,lb,ad,<200,0.6-0.7,6
2000,de,ad,400-600,<0.5,52
2000,de,article,<200,0.6-0.7,2417
2000,lb,article,<200,>=0.8,18
2000,lb,article,<200,<0.5,1
2000,lb,article,400-600,>=0.8,42
2000,lb,article,200-400,>=0.8,49
2000,de,ad,<200,<0.5,302
2000,de,article,200-400,NA,2129
2000,lb,article,<200,0.7-0.8,5
2000,de,article,<200,<0.5,578
2000,fr,article,<200,0.7-0.8,8338
2000,fr,article,>=800,0.5-0.6,2028
2000,fr,article,<200,0.6-0.7,3265
2000,de,article,>=800,<0.5,208
2000,fr,article,400-600,0.7-0.8,5577
2000,fr,article,>=800,<0.5,1607
2000,de,article,600-800,0.5-0.6,271
2000,de,article,400-600,0.5-0.6,440
2000,de,article,600-800,<0.5,31
2000,de,article,600-800,NA,834
2000,fr,article,200-400,0.7-0.8,9436
2000,de,article,400-600,NA,1376
2000,lb,article,>=800,0.7-0.8,47
2010,de,article,>=800,>=0.8,3428
2010,de,article,<200,NA,143
2010,de,article,600-800,>=0.8,449
2010,de,article,200-400,>=0.8,408
2010,de,article,600-800,0.7-0.8,127
2010,de,article,400-600,>=0.8,440
2010,de,article,<200,>=0.8,119
2010,de,article,400-600,0.7-0.8,149
2010,de,article,>=800,0.7-0.8,632
2010,de,article,200-400,0.7-0.8,162
2010,fr,article,400-600,0.6-0.7,387
2010,lb,article,>=800,>=0.8,231
2010,fr,article,400-600,>=0.8,71782
2010,fr,article,600-800,>=0.8,43841
2010,fr,article,>=800,>=0.8,329839
2010,de,ad,<200,NA,92
2010,fr,ad,200-400,>=0.8,60192
2010,de,article,>=800,0.5-0.6,85
2010,fr,article,600-800,0.5-0.6,80
2010,de,article,>=800,<0.5,46
2010,de,article,200-400,<0.5,21
2010,de,article,<200,0.7-0.8,78
2010,de,article,200-400,0.6-0.7,199
2010,fr,article,400-600,0.7-0.8,1329
2010,fr,article,200-400,0.5-0.6,143
2010,de,article,600-800,<0.5,15
2010,de,ad,>=800,0.7-0.8,218
2010,de,ad,400-600,>=0.8,54
2010,fr,ad,600-800,>=0.8,14760
2010,fr,article,>=800,<0.5,1821
2010,lb,article,>=800,0.7-0.8,12
2010,fr,article,200-400,>=0.8,110246
2010,fr,article,>=800,0.7-0.8,12366
2010,fr,ad,200-400,0.7-0.8,2945
2010,de,ad,400-600,0.5-0.6,25
2010,de,article,>=800,NA,18
2010,fr,article,<200,>=0.8,44426
2010,fr,article,600-800,<0.5,100
2010,de,ad,600-800,0.7-0.8,26
2010,fr,article,600-800,0.7-0.8,1139
2010,de,article,400-600,0.5-0.6,62
2010,de,ad,600-800,0.5-0.6,25
2010,de,ad,400-600,0.6-0.7,54
2010,de,ad,200-400,>=0.8,199
2010,de,ad,>=800,0.6-0.7,50
2010,de,article,400-600,0.6-0.7,86
2010,fr,article,>=800,0.6-0.7,3204
2010,de,article,600-800,0.5-0.6,38
2010,lb,article,600-800,0.7-0.8,4
2010,de,article,600-800,0.6-0.7,67
2010,de,ad,600-800,NA,3
2010,fr,article,<200,0.7-0.8,1995
2010,de,article,>=800,0.6-0.7,322
2010,de,article,400-600,<0.5,17
2010,de,article,400-600,NA,15
2010,fr,article,200-400,0.7-0.8,2579
2010,de,article,600-800,NA,5
2010,fr,article,>=800,0.5-0.6,1356
2010,de,article,200-400,0.5-0.6,344
2010,de,ad,<200,0.5-0.6,32
2010,lb,article,400-600,>=0.8,54
2010,lb,article,200-400,>=0.8,48
2010,lb,article,<200,>=0.8,16
2010,fr,ad,<200,0.7-0.8,2568
2010,de,ad,<200,0.7-0.8,33
2010,de,ad,200-400,0.6-0.7,83
2010,lb,ad,200-400,0.5-0.6,1
2010,de,ad,600-800,0.6-0.7,40
2010,de,ad,<200,0.6-0.7,98
2010,fr,ad,<200,0.6-0.7,673
2010,de,ad,400-600,0.7-0.8,80
2010,de,ad,200-400,0.5-0.6,51
2010,de,ad,200-400,0.7-0.8,116
2010,lb,article,600-800,>=0.8,29
2010,de,article,<200,0.5-0.6,30
2010,en,article,400-600,>=0.8,30
2010,en,article,>=800,>=0.8,79
2010,lb,ad,200-400,>=0.8,4
2010,fr,ad,600-800,0.7-0.8,7038
2010,fr,article,600-800,0.6-0.7,347
2010,fr,ad,600-800,0.6-0.7,3463
2010,fr,article,400-600,<0.5,69
2010,fr,ad,400-600,0.7-0.8,4758
2010,en,article,600-800,>=0.8,34
1910,lb,ad,400-600,<0.5,7
1910,lb,article,200-400,0.5-0.6,4
1910,lb,article,200-400,>=0.8,34
1910,cy,ad,200-400,NA,1
1910,lb,article,>=800,<0.5,31
1910,lb,article,400-600,0.5-0.6,4
1910,lb,ad,>=800,0.5-0.6,20
1910,lb,ad,200-400,0.5-0.6,20
1910,lb,article,600-800,0.5-0.6,4
1940,lb,ad,400-600,<0.5,11
1920,lb,article,600-800,0.5-0.6,8
1920,lb,article,400-600,>=0.8,613
1920,lb,article,>=800,>=0.8,318
1920,lb,ad,600-800,0.7-0.8,25
1920,lb,article,200-400,>=0.8,1981
1920,lb,article,<200,NA,1080
1920,lb,article,<200,>=0.8,1230
1920,lb,article,200-400,0.5-0.6,4
1920,lb,article,200-400,0.6-0.7,39
1920,lb,article,>=800,0.6-0.7,240
1920,lb,article,600-800,>=0.8,248
1920,lb,ad,200-400,>=0.8,54
1920,lb,ad,<200,NA,730
1920,lb,ad,<200,>=0.8,116
1920,lb,ad,600-800,>=0.8,13
1920,lb,article,200-400,0.7-0.8,501
1920,lb,article,400-600,0.7-0.8,280
1920,it,ad,<200,NA,59
1920,lb,article,>=800,0.5-0.6,39
1920,lb,article,400-600,0.6-0.7,23
1920,lb,article,<200,0.6-0.7,32
1920,lb,ad,>=800,0.7-0.8,43
1920,lb,article,600-800,0.7-0.8,188
1920,lb,article,600-800,0.6-0.7,14
1920,lb,ad,400-600,>=0.8,8
1920,lb,ad,200-400,NA,1
1920,de,article,200-400,<0.5,4811
1920,de,article,400-600,<0.5,3069
1920,it,ad,200-400,NA,146
1920,lb,ad,>=800,0.5-0.6,14
1920,lb,ad,600-800,0.6-0.7,14
1920,lb,ad,400-600,0.5-0.6,15
1920,lb,ad,200-400,0.6-0.7,65
1920,de,article,>=800,<0.5,15805
1920,de,article,<200,<0.5,3173
1920,lb,article,>=800,<0.5,50
1920,lb,article,<200,0.5-0.6,9
1920,lb,article,200-400,NA,6
1920,lb,ad,600-800,0.5-0.6,5
1920,en,article,400-600,<0.5,1
1920,lb,article,400-600,0.5-0.6,7
1920,en,ad,<200,0.6-0.7,12
1930,lb,ad,400-600,0.7-0.8,70
1930,lb,ad,400-600,0.6-0.7,26
1930,lb,ad,>=800,0.7-0.8,52
1930,lb,article,200-400,NA,11
1930,lb,ad,600-800,0.6-0.7,24
1930,lb,article,400-600,NA,3
1930,lb,ad,400-600,NA,1
1930,lb,ad,400-600,0.5-0.6,22
1930,lb,ad,600-800,<0.5,7
1930,lb,ad,600-800,>=0.8,7
1940,lb,ad,600-800,<0.5,5
1940,en,article,>=800,<0.5,1
1940,en,article,>=800,0.7-0.8,52
1940,en,article,>=800,0.6-0.7,10
1940,en,ad,<200,<0.5,4
1940,en,ad,<200,0.6-0.7,19
1870,lb,article,>=800,<0.5,14
1880,lb,ad,>=800,0.6-0.7,2
1880,lb,ad,<200,0.6-0.7,3
1880,it,article,200-400,NA,15
1890,lb,ad,>=800,0.6-0.7,2
1910,lb,ad,600-800,0.7-0.8,8
1910,lb,article,<200,0.6-0.7,20
1910,lb,article,<200,>=0.8,41
1920,it,ad,>=800,NA,24
1920,de,article,600-800,<0.5,1967
1920,lb,ad,>=800,>=0.8,9
1920,it,article,200-400,NA,51
1970,fr,article,>=800,>=0.8,1016445
1970,fr,article,400-600,>=0.8,149125
1970,fr,article,<200,>=0.8,55162
1970,fr,article,600-800,>=0.8,133672
1970,lb,article,600-800,>=0.8,31
1970,fr,ad,400-600,0.7-0.8,32877
1970,de,article,>=800,<0.5,1049
1970,lb,article,200-400,>=0.8,25
1970,fr,article,200-400,>=0.8,146400
1970,lb,article,>=800,>=0.8,67
1970,fr,article,<200,0.7-0.8,13642
1970,de,article,600-800,>=0.8,35410
1970,de,ad,<200,NA,19661
1970,en,article,>=800,>=0.8,422
1970,lb,article,400-600,>=0.8,32
1970,de,article,>=800,0.6-0.7,13725
1970,de,article,<200,>=0.8,25366
1970,lb,ad,200-400,>=0.8,40
1970,de,article,<200,NA,158799
1970,lb,article,>=800,0.7-0.8,22
1970,fr,article,600-800,0.6-0.7,2104
1970,fr,article,<200,0.6-0.7,4858
1970,fr,article,200-400,0.7-0.8,21497
1970,fr,article,400-600,0.7-0.8,17173
1970,fr,article,200-400,0.6-0.7,4552
1970,de,article,200-400,>=0.8,41425
1970,fr,ad,<200,0.5-0.6,4148
1970,fr,ad,200-400,0.6-0.7,15068
1970,fr,ad,>=800,0.7-0.8,45390
1970,de,ad,200-400,NA,1027
1970,fr,ad,<200,0.7-0.8,56703
1970,lb,ad,>=800,>=0.8,4
1970,fr,ad,600-800,0.6-0.7,3825
1970,lb,article,200-400,0.7-0.8,6
1970,lb,article,>=800,0.6-0.7,9
1970,lb,ad,>=800,0.7-0.8,4
1970,lb,article,600-800,0.7-0.8,2
1970,fr,article,>=800,<0.5,4573
1970,de,article,600-800,<0.5,245
1970,de,article,>=800,0.5-0.6,4324
1970,de,article,600-800,0.6-0.7,3914
1970,fr,article,200-400,<0.5,539
1970,lb,article,>=800,0.5-0.6,5
1970,de,ad,>=800,0.6-0.7,12178
1970,fr,ad,>=800,0.6-0.7,15162
1970,de,article,400-600,<0.5,572
1970,de,article,<200,0.7-0.8,12244
1970,lb,ad,200-400,0.7-0.8,12
1970,de,article,600-800,0.7-0.8,8154
1970,fr,ad,400-600,>=0.8,169188
1970,fr,ad,<200,>=0.8,346260
1970,lb,article,<200,>=0.8,8
1970,de,ad,400-600,>=0.8,7195
1970,lb,article,400-600,0.7-0.8,5
1970,fr,article,600-800,<0.5,193
1970,de,ad,>=800,>=0.8,3377
1970,fr,article,400-600,0.6-0.7,2742
1970,lb,ad,>=800,0.6-0.7,3
1970,fr,ad,>=800,0.5-0.6,2562
1970,lb,ad,>=800,0.5-0.6,4
1970,de,article,200-400,0.5-0.6,4240
1970,de,article,<200,0.6-0.7,7109
1970,de,article,400-600,0.5-0.6,2382
1970,lb,article,400-600,<0.5,1
1970,lb,article,>=800,<0.5,2
1970,fr,ad,400-600,0.5-0.6,1131
1970,lb,article,400-600,0.5-0.6,2
1970,de,article,400-600,0.6-0.7,6312
1970,de,ad,<200,>=0.8,9617
1970,fr,ad,200-400,0.5-0.6,2822
1970,de,ad,>=800,0.7-0.8,5507
1970,de,ad,<200,0.6-0.7,2545
1970,fr,ad,600-800,0.7-0.8,18772
1970,fr,ad,>=800,>=0.8,146764
1970,lb,ad,400-600,>=0.8,6
1970,de,article,600-800,0.5-0.6,1223
1970,en,article,<200,>=0.8,147
1970,de,ad,200-400,0.6-0.7,2865
1970,de,ad,400-600,0.6-0.7,1276
1970,fr,ad,200-400,>=0.8,441751
1970,lb,article,<200,0.6-0.7,1
1970,de,ad,200-400,0.5-0.6,1354
1970,lb,article,400-600,0.6-0.7,2
1980,de,article,>=800,0.7-0.8,31559
1980,de,article,>=800,0.6-0.7,7723
1980,de,article,400-600,>=0.8,21831
1980,de,article,>=800,>=0.8,185411
1980,de,article,600-800,>=0.8,23849
1980,de,ad,400-600,0.5-0.6,274
1980,de,ad,200-400,0.7-0.8,3790
1980,lb,article,>=800,0.6-0.7,14
1980,de,article,200-400,>=0.8,22281
1980,de,article,400-600,0.7-0.8,6857
1980,de,ad,>=800,>=0.8,3160
1980,fr,ad,>=800,>=0.8,199178
1980,de,article,>=800,0.5-0.6,1047
1980,de,article,400-600,0.6-0.7,2613
1980,de,article,400-600,0.5-0.6,778
1980,de,article,>=800,<0.5,321
1980,lb,article,>=800,<0.5,9
1980,de,ad,>=800,0.6-0.7,10682
1980,fr,article,>=800,>=0.8,1287071
1980,lb,ad,200-400,>=0.8,85
1980,fr,ad,400-600,0.5-0.6,804
1980,de,ad,200-400,>=0.8,10278
1980,de,ad,>=800,0.7-0.8,6223
1980,de,ad,600-800,0.7-0.8,1258
1980,de,ad,400-600,0.7-0.8,1597
1980,fr,article,>=800,0.6-0.7,15192
1980,de,ad,>=800,NA,230
1980,de,ad,200-400,0.5-0.6,566
1980,fr,article,>=800,<0.5,2361
1980,de,ad,<200,0.6-0.7,1678
1980,de,ad,<200,0.7-0.8,3272
1980,fr,ad,200-400,0.6-0.7,13433
1980,de,article,600-800,0.5-0.6,481
1980,de,article,<200,>=0.8,13023
1980,de,article,600-800,0.7-0.8,5156
1980,lb,article,400-600,<0.5,2
1980,de,article,<200,NA,118685
1980,de,article,200-400,<0.5,616
1980,lb,article,<200,>=0.8,39
1980,lb,ad,400-600,0.6-0.7,6
1980,lb,article,>=800,>=0.8,222
1980,de,ad,<200,NA,11950
1980,lb,ad,>=800,<0.5,10
1980,de,article,>=800,NA,4149
1980,fr,article,>=800,0.7-0.8,50437
1980,fr,article,200-400,>=0.8,130118
1980,fr,ad,>=800,0.6-0.7,11996
1980,de,ad,400-600,>=0.8,3883
1980,en,article,200-400,>=0.8,248
1980,lb,article,600-800,<0.5,4
1980,fr,ad,400-600,>=0.8,178616
1980,lb,ad,600-800,0.5-0.6,3
1980,lb,article,>=800,0.5-0.6,5
1980,fr,ad,>=800,0.7-0.8,35063
1980,de,article,200-400,0.7-0.8,9880
1980,fr,ad,200-400,0.7-0.8,57087
1980,fr,ad,200-400,>=0.8,449681
1980,de,ad,400-600,0.6-0.7,725
1980,lb,ad,>=800,0.7-0.8,20
1980,lb,ad,400-600,0.5-0.6,4
1980,lb,ad,200-400,0.7-0.8,35
1980,de,ad,600-800,>=0.8,2241
1980,fr,ad,600-800,>=0.8,96901
1980,lb,ad,<200,>=0.8,79
1980,de,ad,600-800,NA,82
1980,de,article,<200,0.7-0.8,6723
1980,fr,article,600-800,>=0.8,140325
1980,fr,ad,<200,0.6-0.7,15876
1980,fr,ad,400-600,0.6-0.7,5084
1980,de,ad,>=800,0.5-0.6,1896
1980,fr,ad,<200,>=0.8,340942
1980,de,ad,<200,>=0.8,5613
1980,lb,ad,>=800,0.6-0.7,12
1980,de,ad,200-400,<0.5,210
1980,lb,ad,<200,0.7-0.8,22
1980,lb,article,>=800,0.7-0.8,43
1980,fr,ad,600-800,0.6-0.7,2928
1980,de,ad,<200,0.5-0.6,898
1980,lb,ad,400-600,>=0.8,49
1980,lb,ad,400-600,<0.5,6
1980,lb,article,400-600,>=0.8,72
1980,de,ad,400-600,NA,190
1980,fr,ad,200-400,0.5-0.6,2249
1980,lb,ad,400-600,0.7-0.8,17
1980,en,article,>=800,>=0.8,493
1980,de,ad,400-600,<0.5,89
1980,lb,ad,<200,0.6-0.7,15
1980,fr,ad,600-800,0.5-0.6,543
1980,lb,ad,>=800,>=0.8,36
1980,lb,ad,600-800,0.7-0.8,8
1980,lb,article,200-400,>=0.8,85
1980,fr,article,200-400,0.5-0.6,478
1980,lb,ad,600-800,>=0.8,29
1980,it,ad,>=800,NA,95
1980,lb,ad,200-400,0.6-0.7,12
1980,fr,ad,400-600,0.7-0.8,26589
1980,fr,article,400-600,>=0.8,145185
1980,de,ad,200-400,0.6-0.7,1644
1980,lb,article,600-800,>=0.8,55
1980,de,article,200-400,0.6-0.7,4967
1980,de,article,200-400,NA,3239
1980,de,ad,600-800,0.6-0.7,454
1980,de,ad,<200,<0.5,404
1980,de,article,600-800,0.6-0.7,1910
1980,de,ad,200-400,NA,512
1980,fr,ad,>=800,<0.5,635
1980,lb,ad,600-800,0.6-0.7,5
1980,de,article,<200,0.5-0.6,1985
1980,lb,ad,200-400,<0.5,5
1980,fr,article,<200,0.7-0.8,8870
1980,de,ad,600-800,0.5-0.6,168
1980,fr,ad,600-800,0.7-0.8,14061
1980,fr,ad,400-600,<0.5,209
1980,fr,article,<200,>=0.8,53553
1980,fr,article,200-400,<0.5,237
1980,fr,ad,<200,0.7-0.8,53311
1980,de,article,600-800,<0.5,112
1980,fr,ad,200-400,<0.5,529
1980,lb,ad,200-400,0.5-0.6,6
1980,fr,article,>=800,0.5-0.6,3164
1990,de,ad,400-600,>=0.8,3858
1990,de,ad,200-400,>=0.8,12951
1990,de,ad,400-600,<0.5,70
1990,de,article,>=800,<0.5,196
1990,de,ad,400-600,0.6-0.7,820
1990,lb,ad,200-400,0.5-0.6,8
1990,lb,ad,<200,>=0.8,98
1990,fr,ad,200-400,0.7-0.8,47664
1990,de,ad,600-800,0.7-0.8,994
1990,lb,ad,400-600,>=0.8,77
1990,lb,ad,>=800,>=0.8,68
1990,lb,ad,<200,0.7-0.8,50
1990,lb,ad,>=800,0.6-0.7,5
1990,lb,ad,600-800,>=0.8,18
1990,lb,ad,>=800,0.7-0.8,12
1990,de,ad,200-400,0.5-0.6,806
1990,lb,ad,600-800,0.7-0.8,3
1990,de,ad,<200,0.7-0.8,4059
1990,lb,ad,400-600,0.6-0.7,14
1990,de,ad,<200,0.5-0.6,919
1990,lb,ad,200-400,0.6-0.7,26
1990,lb,ad,<200,0.5-0.6,6
1990,de,ad,600-800,0.6-0.7,429
1990,de,ad,<200,0.6-0.7,1916
1990,lb,ad,400-600,0.5-0.6,4
1990,de,ad,600-800,0.5-0.6,203
1990,lb,ad,<200,0.6-0.7,25
1990,lb,ad,<200,<0.5,2
1990,lb,article,<200,0.7-0.8,3
1990,de,ad,200-400,<0.5,282
1990,fr,ad,<200,0.7-0.8,37665
1990,fr,ad,600-800,0.7-0.8,10127
1990,it,ad,200-400,NA,120
1990,de,ad,<200,<0.5,492
1990,lb,ad,400-600,<0.5,1
1990,de,article,<200,<0.5,844
1990,de,article,600-800,<0.5,71
1990,de,ad,>=800,<0.5,118
1990,fr,ad,600-800,>=0.8,77408
1990,lb,article,200-400,0.6-0.7,2
1990,fr,ad,>=800,>=0.8,184792
2000,lb,ad,400-600,0.7-0.8,10
2000,fr,ad,<200,0.6-0.7,6545
2000,lb,ad,200-400,>=0.8,24
2000,lb,ad,600-800,0.7-0.8,3
2000,de,ad,>=800,0.6-0.7,4405
2000,lb,article,600-800,0.6-0.7,1
2000,de,ad,400-600,NA,188
2000,lb,ad,<200,0.7-0.8,11
2000,fr,article,400-600,<0.5,87
2000,lb,ad,200-400,0.5-0.6,3
2000,en,article,<200,>=0.8,137
2000,en,article,>=800,>=0.8,868
2000,lb,ad,<200,0.5-0.6,4
2010,lb,ad,<200,0.7-0.8,2
2010,lb,ad,200-400,0.6-0.7,2
2010,de,ad,<200,>=0.8,49
2010,lb,ad,400-600,>=0.8,3
2010,fr,ad,400-600,>=0.8,21938
2010,de,ad,>=800,>=0.8,220
2010,lb,article,<200,0.6-0.7,2
2010,lb,ad,400-600,0.7-0.8,2
1980,lb,article,400-600,0.5-0.6,2
1980,de,article,<200,0.6-0.7,3633
1980,lb,article,600-800,0.6-0.7,5
1980,fr,article,400-600,0.7-0.8,7615
1980,lb,article,200-400,<0.5,2
1980,fr,article,600-800,<0.5,116
1980,lb,article,600-800,0.7-0.8,8
1980,lb,article,200-400,0.7-0.8,10
1980,lb,article,200-400,0.6-0.7,3
1980,lb,article,<200,0.7-0.8,7
1980,lb,article,400-600,0.7-0.8,7
1980,it,article,<200,NA,204
1980,pt,article,200-400,NA,8
1980,pt,article,<200,NA,6
1980,lb,article,400-600,0.6-0.7,4
1980,de,article,600-800,NA,1175
1980,lb,article,600-800,0.5-0.6,1
1980,fr,article,600-800,0.6-0.7,1150
1980,de,article,200-400,0.5-0.6,1923
1980,fr,article,200-400,0.6-0.7,2263
1980,en,article,<200,0.7-0.8,11
1980,fr,article,200-400,0.7-0.8,10127
1980,lb,article,200-400,0.5-0.6,1
1990,fr,article,<200,0.5-0.6,1022
1990,lb,article,200-400,0.7-0.8,5
1990,fr,ad,>=800,<0.5,194
1990,lb,article,>=800,0.5-0.6,4
1990,de,article,200-400,NA,5031
1990,en,article,>=800,>=0.8,1119
1990,lb,article,200-400,<0.5,3
1990,fr,ad,400-600,0.6-0.7,3174
1990,fr,ad,200-400,0.5-0.6,1300
1990,fr,article,600-800,0.7-0.8,4686
2000,de,article,600-800,0.6-0.7,1342
2000,lb,ad,400-600,0.6-0.7,2
2000,de,article,200-400,<0.5,328
2000,lb,ad,600-800,>=0.8,8
2000,de,article,400-600,<0.5,70
2000,fr,article,<200,0.5-0.6,815
2000,lb,ad,>=800,0.7-0.8,5
2000,lb,article,200-400,0.6-0.7,2
2000,de,ad,>=800,0.5-0.6,2177
2000,lb,article,200-400,0.7-0.8,2
2000,fr,article,<200,<0.5,238
2000,fr,article,200-400,0.5-0.6,521
2000,de,article,>=800,NA,4299
2010,fr,ad,200-400,0.6-0.7,2261
2010,fr,ad,>=800,>=0.8,67494
2010,fr,article,400-600,0.5-0.6,83
2010,de,article,<200,0.6-0.7,32
2010,de,ad,600-800,>=0.8,31
2010,lb,article,>=800,0.5-0.6,1
2010,lb,ad,<200,0.6-0.7,1
2010,lb,article,200-400,0.7-0.8,1
2010,lb,ad,>=800,>=0.8,4
2010,lb,ad,600-800,>=0.8,1
2010,en,ad,600-800,>=0.8,36
1870,la,article,200-400,NA,13
1880,la,article,200-400,NA,18
1880,la,article,600-800,NA,12
1880,la,ad,200-400,NA,1
1890,it,article,>=800,NA,3
1910,la,article,>=800,NA,356
1910,la,article,200-400,NA,24
1910,la,article,400-600,NA,20
1910,la,article,600-800,NA,29
1910,la,article,<200,NA,9
1920,la,article,>=800,NA,227
1920,la,article,600-800,NA,22
1920,la,article,<200,NA,3
1920,la,article,200-400,NA,20
1920,la,article,400-600,NA,15
1930,de,article,>=800,NA,5456
1930,la,article,>=800,NA,170
1930,la,article,400-600,NA,11
1930,la,article,600-800,NA,16
1930,la,article,200-400,NA,20
1930,la,article,<200,NA,7
1930,it,article,200-400,NA,23
1940,la,article,600-800,NA,7
1940,de,article,400-600,NA,1094
1940,la,article,<200,NA,8
1940,la,article,400-600,NA,4
1940,la,article,200-400,NA,9
1950,de,article,400-600,0.5-0.6,2823
1950,fr,article,600-800,0.7-0.8,6973
1950,it,article,>=800,NA,2208
1950,la,article,<200,NA,7
1950,fr,article,400-600,0.7-0.8,10570
1950,la,article,600-800,NA,12
1950,la,article,400-600,NA,8
1950,la,article,200-400,NA,9
1950,it,article,200-400,NA,340
1950,de,article,200-400,0.6-0.7,13141
1950,de,article,600-800,0.6-0.7,3540
1950,fr,article,200-400,>=0.8,127936
1950,de,article,<200,0.5-0.6,4096
1950,fr,article,600-800,0.6-0.7,1431
1950,fr,article,400-600,0.6-0.7,1930
1950,de,article,600-800,0.5-0.6,1317
1950,fr,article,600-800,>=0.8,73244
1950,fr,article,600-800,0.5-0.6,146
1960,la,article,>=800,NA,58
1960,la,article,400-600,NA,3
1960,fr,article,400-600,0.5-0.6,431
1960,fr,article,400-600,>=0.8,151402
1960,la,article,200-400,NA,3
1960,la,article,600-800,NA,1
1960,de,article,<200,0.5-0.6,4395
1960,fr,article,600-800,0.7-0.8,11997
1960,de,article,>=800,<0.5,1249
1960,fr,article,600-800,>=0.8,123796
1960,fr,article,<200,0.6-0.7,4033
1970,fr,article,600-800,0.7-0.8,14177
1970,la,article,200-400,NA,2
1970,la,article,>=800,NA,39
1970,la,article,<200,NA,1
1970,de,article,<200,0.5-0.6,3595
1970,la,article,400-600,NA,4
1970,de,article,>=800,NA,6167
1970,de,article,200-400,<0.5,1450
1980,fr,article,600-800,0.7-0.8,6005
1980,fr,article,400-600,0.6-0.7,1497
1980,fr,article,600-800,0.5-0.6,281
1980,la,article,200-400,NA,2
1980,la,article,400-600,NA,9
1980,la,article,>=800,NA,26
1980,de,article,400-600,<0.5,219
1980,fr,article,<200,0.6-0.7,3109
1980,de,article,<200,<0.5,1068
1980,fr,article,<200,<0.5,319
1980,fr,article,<200,0.5-0.6,879
1990,la,article,>=800,NA,3
1990,it,article,400-600,NA,2146
1990,lb,ad,>=800,0.5-0.6,2
1990,de,article,600-800,0.5-0.6,516
1990,fr,ad,>=800,0.6-0.7,9556
1990,en,article,<200,>=0.8,247
1990,en,article,200-400,>=0.8,377
1990,en,article,400-600,>=0.8,589
1990,en,article,600-800,>=0.8,367
1990,fr,article,600-800,0.5-0.6,276
1990,lb,article,>=800,<0.5,2
1990,pt,article,>=800,NA,207
1990,fr,article,400-600,<0.5,203
2000,fr,article,200-400,0.6-0.7,2788
2000,lb,article,>=800,0.6-0.7,9
2000,lb,article,600-800,0.7-0.8,1
2000,la,article,200-400,NA,6
2000,la,article,>=800,NA,26
2000,la,article,600-800,NA,1
2000,fr,article,400-600,0.5-0.6,208
2000,lb,article,>=800,0.5-0.6,1
2000,fr,article,600-800,0.6-0.7,946
2000,fr,article,600-800,0.5-0.6,227
2000,la,article,<200,NA,1
2000,en,article,200-400,>=0.8,221
2000,en,article,200-400,0.7-0.8,21
2010,la,article,>=800,NA,11
2010,lb,ad,>=800,0.7-0.8,1
2010,lb,article,<200,0.7-0.8,2
2010,fr,article,200-400,0.6-0.7,1152
2010,fr,article,<200,0.5-0.6,155
2010,it,article,>=800,NA,15
2010,de,article,200-400,NA,7
2010,la,article,600-800,NA,1
2010,la,article,200-400,NA,1
2010,la,article,400-600,NA,2
2010,pt,article,>=800,NA,18
2010,fr,article,<200,0.6-0.7,541
2010,fr,ad,>=800,0.6-0.7,3547
2010,lb,article,200-400,0.6-0.7,1
2010,lb,article,200-400,0.5-0.6,1
2010,lb,article,>=800,<0.5,1
2020,fr,article,>=800,0.7-0.8,24
2020,de,article,>=800,>=0.8,353
2020,de,article,600-800,>=0.8,33
2020,fr,article,>=800,0.6-0.7,11
2020,de,article,<200,NA,11
2020,lb,article,>=800,>=0.8,6
2020,de,article,<200,>=0.8,24
2020,de,article,>=800,0.7-0.8,39
2020,de,article,400-600,0.7-0.8,12
2020,de,article,200-400,>=0.8,33
2020,de,article,600-800,0.7-0.8,12
2020,fr,article,200-400,0.7-0.8,6
2020,fr,article,200-400,>=0.8,4
2020,de,article,200-400,0.7-0.8,20
2020,fr,article,>=800,0.5-0.6,5
2020,de,article,>=800,0.5-0.6,7
2020,pt,article,>=800,NA,5
2020,de,article,>=800,NA,1
2020,de,article,<200,0.7-0.8,10
2020,de,article,200-400,NA,3
2020,la,article,200-400,NA,1
2020,la,article,400-600,NA,1
2020,la,article,>=800,NA,1
2020,fr,article,>=800,>=0.8,7
2020,fr,article,400-600,0.6-0.7,2
2020,fr,article,600-800,0.6-0.7,1
2020,de,article,>=800,0.6-0.7,14
2020,de,article,400-600,>=0.8,30
2020,fr,article,400-600,0.7-0.8,2
2020,fr,article,400-600,>=0.8,1
2020,fr,article,<200,>=0.8,1
2020,fr,article,600-800,0.7-0.8,3
2020,fr,article,200-400,0.6-0.7,2
2020,fr,article,>=800,<0.5,2
2020,lb,article,>=800,0.7-0.8,1
2020,fr,article,<200,0.6-0.7,1
2020,fr,article,400-600,0.5-0.6,1
2020,de,article,200-400,0.6-0.7,5
1880,lb,article,>=800,>=0.8,5
1880,lb,article,600-800,>=0.8,5
1880,lb,ad,>=800,0.5-0.6,1
1880,lb,ad,400-600,0.6-0.7,1
1860,de,article,600-800,NA,934
1860,de,article,200-400,NA,2865
1860,de,article,400-600,NA,2438
1860,fr,article,400-600,<0.5,55
1870,de,article,400-600,NA,3325
1870,de,article,600-800,NA,3818
1870,de,ad,>=800,NA,744
1930,de,ad,>=800,NA,2277
1930,lb,ad,400-600,<0.5,15
1930,lb,article,600-800,0.5-0.6,24
1930,lb,article,200-400,0.5-0.6,38
1930,lb,article,200-400,<0.5,8
1930,lb,article,600-800,<0.5,13
1940,de,article,600-800,NA,680
1930,da,ad,<200,NA,1
1940,lb,ad,>=800,<0.5,13
1940,en,ad,600-800,0.7-0.8,3
1950,lb,article,>=800,0.6-0.7,28
1950,lb,article,>=800,0.5-0.6,4
1950,lb,article,>=800,0.7-0.8,103
1950,de,ad,<200,<0.5,856
1950,lb,article,400-600,0.7-0.8,48
1950,fr,ad,<200,<0.5,2246
1950,fr,ad,<200,>=0.8,375915
1950,lb,article,200-400,0.7-0.8,67
1950,lb,article,400-600,0.6-0.7,10
1950,lb,article,200-400,0.5-0.6,7
1860,lb,article,>=800,0.5-0.6,33
1860,lb,article,200-400,0.7-0.8,16
1860,lb,article,200-400,>=0.8,5
1860,lb,article,>=800,0.7-0.8,37
1860,lb,article,600-800,0.6-0.7,10
1860,lb,article,400-600,0.6-0.7,8
1850,de,article,<200,NA,9991
1850,de,ad,>=800,>=0.8,139
1850,de,ad,<200,NA,1190
1850,de,article,600-800,NA,336
1850,de,article,>=800,NA,766
1850,de,article,200-400,NA,1817
1850,de,ad,400-600,>=0.8,62
1850,de,ad,600-800,0.7-0.8,164
1850,de,ad,600-800,>=0.8,34
1850,de,ad,<200,0.6-0.7,52
1850,de,article,400-600,NA,652
1940,en,ad,<200,>=0.8,210
1940,en,article,<200,NA,21
1940,en,ad,400-600,>=0.8,70
1940,en,ad,>=800,>=0.8,57
1940,en,ad,600-800,>=0.8,27
1940,en,ad,<200,NA,8
1940,en,article,<200,0.7-0.8,5
1950,en,article,>=800,>=0.8,192
1950,en,article,400-600,>=0.8,74
1950,en,article,600-800,>=0.8,40
1950,en,article,<200,>=0.8,71
1950,en,article,200-400,>=0.8,110
1950,en,ad,200-400,>=0.8,390
1950,en,ad,<200,>=0.8,425
1950,en,ad,<200,NA,13
1950,en,ad,400-600,>=0.8,154
1950,en,article,<200,NA,5
1950,en,ad,>=800,>=0.8,110
1950,en,ad,600-800,>=0.8,113
1940,en,ad,200-400,NA,1
1930,en,article,400-600,0.7-0.8,2
1860,de,ad,>=800,NA,405
1860,de,ad,600-800,NA,149
1860,de,ad,400-600,NA,216
1860,de,ad,200-400,NA,539
1870,de,ad,600-800,NA,275
1870,de,ad,400-600,NA,436
1870,de,ad,200-400,NA,899
1870,lb,ad,200-400,<0.5,1
1890,lb,ad,200-400,0.7-0.8,1
1890,lb,ad,200-400,0.6-0.7,1
1910,lb,ad,200-400,0.6-0.7,11
1920,lb,ad,>=800,<0.5,2
1930,en,article,>=800,0.7-0.8,6
1930,en,ad,>=800,0.7-0.8,4
1920,en,ad,200-400,0.6-0.7,10
1950,lb,article,>=800,>=0.8,57
1950,lb,article,200-400,>=0.8,107
1950,de,ad,200-400,>=0.8,10006
1950,fr,ad,400-600,>=0.8,110576
1950,de,ad,<200,>=0.8,11787
1950,lb,article,400-600,>=0.8,58
1950,de,ad,400-600,0.6-0.7,1656
1950,de,ad,<200,NA,19767
1950,fr,ad,600-800,>=0.8,48685
1950,lb,article,200-400,0.6-0.7,23
1950,de,ad,>=800,0.7-0.8,3259
1950,fr,ad,<200,0.7-0.8,50341
1950,de,ad,600-800,>=0.8,1284
1950,lb,ad,<200,>=0.8,138
1950,de,ad,200-400,0.7-0.8,6090
1950,fr,ad,400-600,0.7-0.8,22814
1950,de,ad,>=800,0.6-0.7,5925
1950,fr,ad,200-400,>=0.8,381486
1950,de,ad,<200,0.6-0.7,3818
1950,lb,article,600-800,0.7-0.8,18
1950,de,ad,<200,0.5-0.6,2059
1950,de,ad,600-800,0.6-0.7,987
1950,de,ad,>=800,>=0.8,2067
1950,fr,ad,>=800,0.7-0.8,32393
1950,lb,article,600-800,>=0.8,24
1950,de,ad,200-400,0.6-0.7,3719
1950,de,ad,600-800,0.7-0.8,1339
1950,fr,ad,200-400,0.6-0.7,11004
1950,de,ad,400-600,0.5-0.6,551
1950,de,article,200-400,NA,4144
1950,fr,ad,>=800,>=0.8,80048
1950,de,ad,400-600,>=0.8,2797
1950,fr,ad,<200,0.6-0.7,13425
1950,de,ad,200-400,0.5-0.6,1600
1950,lb,ad,600-800,0.6-0.7,22
1950,fr,ad,600-800,0.6-0.7,2943
1950,fr,ad,600-800,0.7-0.8,14094
1950,fr,article,<200,>=0.8,78647
1950,fr,ad,200-400,0.7-0.8,50098
1950,de,ad,200-400,<0.5,482
1950,de,ad,400-600,0.7-0.8,2829
1950,fr,ad,200-400,0.5-0.6,2594
1950,lb,ad,200-400,0.7-0.8,84
1950,de,ad,600-800,0.5-0.6,362
1950,lb,ad,400-600,0.6-0.7,21
1950,de,ad,>=800,NA,200
1950,lb,ad,<200,0.5-0.6,33
1950,lb,ad,<200,0.7-0.8,119
1950,de,article,400-600,NA,3094
1950,lb,ad,200-400,0.6-0.7,60
1950,lb,ad,>=800,0.6-0.7,56
1950,lb,article,600-800,0.6-0.7,9
1950,lb,ad,200-400,>=0.8,148
1950,lb,ad,400-600,0.7-0.8,52
1950,fr,ad,>=800,0.5-0.6,1094
1950,lb,ad,<200,0.6-0.7,67
1950,de,ad,>=800,0.5-0.6,3152
1950,lb,ad,>=800,0.7-0.8,29
1950,lb,ad,400-600,>=0.8,38
1950,lb,ad,600-800,0.7-0.8,28
1950,de,ad,400-600,<0.5,163
1950,de,article,600-800,NA,1005
1950,fr,ad,400-600,0.6-0.7,4729
1950,de,ad,200-400,NA,642
1950,fr,ad,>=800,0.6-0.7,9390
1950,fr,ad,<200,0.5-0.6,4128
1950,fr,ad,400-600,0.5-0.6,792
1950,de,ad,600-800,NA,123
1950,lb,article,<200,>=0.8,33
1950,lb,ad,200-400,0.5-0.6,15
1950,de,ad,400-600,NA,477
1950,fr,ad,600-800,0.5-0.6,336
1950,lb,ad,<200,<0.5,13
1950,de,article,200-400,0.5-0.6,5588
1950,fr,article,<200,0.7-0.8,14659
1950,de,ad,600-800,<0.5,91
1950,de,ad,>=800,<0.5,348
1950,lb,ad,>=800,0.5-0.6,32
1950,lb,ad,400-600,0.5-0.6,11
1960,de,ad,<200,NA,17855
1960,fr,ad,200-400,>=0.8,458256
1960,fr,ad,<200,0.7-0.8,53384
1960,fr,ad,200-400,0.7-0.8,65242
1960,en,ad,400-600,>=0.8,881
1960,fr,ad,<200,>=0.8,398128
1960,fr,ad,400-600,>=0.8,156859
1960,lb,article,>=800,>=0.8,60
1960,de,ad,>=800,>=0.8,2276
1960,fr,ad,600-800,>=0.8,76739
1960,de,ad,200-400,0.7-0.8,7219
1960,fr,ad,<200,0.6-0.7,13753
1960,de,ad,600-800,0.7-0.8,1330
1960,lb,article,400-600,0.7-0.8,12
1960,de,ad,>=800,0.5-0.6,2215
1960,de,ad,<200,>=0.8,11083
1960,de,ad,<200,0.7-0.8,5461
1960,de,ad,400-600,0.7-0.8,2914
1960,de,ad,200-400,>=0.8,16998
1960,lb,article,400-600,>=0.8,39
1960,fr,article,<200,0.7-0.8,13234
1960,de,ad,>=800,NA,228
1960,fr,ad,400-600,0.7-0.8,30391
1960,lb,ad,600-800,0.6-0.7,3
1960,de,ad,400-600,>=0.8,6632
1960,de,ad,400-600,0.6-0.7,1611
1960,lb,ad,<200,>=0.8,257
1960,de,ad,<200,<0.5,820
1960,fr,ad,>=800,>=0.8,123077
1960,de,ad,200-400,0.6-0.7,3876
1960,de,ad,200-400,NA,746
1960,fr,article,<200,>=0.8,73432
1960,de,ad,600-800,0.6-0.7,773
1960,lb,article,>=800,0.7-0.8,44
1960,de,ad,600-800,>=0.8,2808
1960,de,ad,400-600,0.5-0.6,759
1960,fr,ad,400-600,0.6-0.7,6084
1960,de,ad,200-400,0.5-0.6,1924
1960,lb,ad,<200,0.7-0.8,158
1960,lb,article,<200,>=0.8,65
1960,lb,article,200-400,>=0.8,91
1960,de,ad,200-400,<0.5,799
1960,de,ad,<200,0.5-0.6,2085
1960,lb,ad,<200,<0.5,12
1960,de,ad,400-600,NA,653
1960,lb,ad,<200,0.6-0.7,53
1960,de,ad,>=800,0.6-0.7,8639
1960,en,ad,400-600,0.7-0.8,6
1960,lb,ad,200-400,0.7-0.8,29
1960,lb,article,600-800,>=0.8,33
1960,lb,ad,600-800,0.5-0.6,3
1960,de,ad,>=800,0.7-0.8,3990
1960,lb,ad,200-400,0.6-0.7,14
1960,lb,article,200-400,0.7-0.8,20
1960,de,ad,<200,0.6-0.7,3408
1960,lb,ad,200-400,>=0.8,19
1960,de,article,<200,<0.5,2052
1960,de,ad,600-800,NA,169
1960,lb,ad,<200,0.5-0.6,29
1960,lb,ad,>=800,0.6-0.7,4
1960,de,ad,600-800,0.5-0.6,304
1960,fr,ad,>=800,0.6-0.7,12920
1960,fr,ad,200-400,0.5-0.6,2426
1960,lb,ad,400-600,0.5-0.6,1
1960,lb,article,600-800,0.7-0.8,5
1960,fr,ad,600-800,0.7-0.8,18130
1960,lb,article,>=800,0.6-0.7,7
1960,de,ad,400-600,<0.5,295
1960,lb,article,<200,0.7-0.8,10
1960,fr,ad,600-800,0.6-0.7,3805
1960,lb,ad,600-800,0.7-0.8,1
1960,lb,article,<200,<0.5,1
1960,fr,ad,<200,0.5-0.6,3411
1960,lb,ad,400-600,0.6-0.7,4
1960,de,ad,600-800,<0.5,71
1960,lb,ad,400-600,0.7-0.8,4
1960,en,ad,200-400,0.7-0.8,49
1960,fr,ad,<200,<0.5,986
1960,en,article,600-800,>=0.8,114
1960,en,article,>=800,>=0.8,324
1960,fr,article,400-600,<0.5,115
1960,en,ad,600-800,>=0.8,585
1960,en,ad,>=800,>=0.8,586
1960,lb,ad,>=800,0.7-0.8,2
1960,en,ad,200-400,>=0.8,1154
1960,fr,ad,>=800,<0.5,265
1960,de,ad,>=800,<0.5,281
1960,lb,ad,200-400,0.5-0.6,7
1960,lb,article,<200,0.5-0.6,1
1960,lb,article,>=800,0.5-0.6,2
1960,en,ad,<200,>=0.8,444
1960,en,article,<200,>=0.8,171
1960,lb,ad,600-800,>=0.8,1
1960,de,article,200-400,NA,4315
1960,de,article,200-400,<0.5,2058
1970,de,ad,600-800,>=0.8,3882
1970,de,ad,200-400,>=0.8,14322
1970,fr,ad,600-800,>=0.8,87988
1970,de,ad,400-600,0.7-0.8,2487
1970,lb,ad,<200,0.7-0.8,19
1970,fr,ad,200-400,0.7-0.8,70957
1970,de,ad,600-800,0.7-0.8,1401
1970,de,ad,<200,0.7-0.8,4361
1970,de,ad,200-400,0.7-0.8,5481
1970,fr,ad,<200,0.6-0.7,15652
1970,en,article,600-800,>=0.8,232
1970,de,ad,200-400,<0.5,559
1970,de,ad,>=800,0.5-0.6,3005
1970,en,ad,200-400,>=0.8,722
1970,de,ad,>=800,<0.5,372
1970,de,ad,600-800,0.5-0.6,263
1970,en,ad,400-600,>=0.8,607
1970,de,ad,600-800,<0.5,65
1970,en,ad,600-800,>=0.8,503
1970,de,ad,600-800,0.6-0.7,680
1970,de,ad,<200,0.5-0.6,1507
1970,fr,ad,400-600,0.6-0.7,6439
1970,lb,ad,<200,0.6-0.7,13
1970,de,ad,400-600,0.5-0.6,587
1970,en,ad,<200,>=0.8,373
1970,lb,ad,<200,<0.5,5
1970,en,article,400-600,>=0.8,218
1970,lb,ad,<200,0.5-0.6,6
1970,en,ad,>=800,>=0.8,1037
1970,lb,ad,200-400,0.6-0.7,6
1970,de,ad,>=800,NA,369
1970,de,ad,<200,<0.5,632
1970,lb,ad,600-800,>=0.8,7
1970,de,ad,400-600,<0.5,173
1970,lb,ad,200-400,0.5-0.6,5
1970,lb,ad,<200,>=0.8,17
1970,fr,ad,600-800,0.5-0.6,649
1970,de,article,400-600,NA,4264
1970,de,ad,400-600,NA,414
1970,fr,ad,<200,<0.5,1172
1970,de,article,200-400,NA,7853
1970,lb,ad,400-600,0.6-0.7,2
1970,en,article,200-400,>=0.8,225
1970,de,ad,600-800,NA,260
1970,lb,ad,400-600,0.7-0.8,1
1970,it,article,>=800,NA,1301
1970,pt,article,600-800,NA,1
1970,lb,ad,200-400,<0.5,2
1970,lb,ad,600-800,0.7-0.8,1
1970,lb,ad,400-600,<0.5,1
1970,lb,ad,600-800,0.5-0.6,1
1980,en,article,600-800,>=0.8,312
1980,de,ad,>=800,<0.5,120
1980,lb,ad,>=800,0.5-0.6,5
1980,en,article,400-600,>=0.8,494
1980,fr,ad,<200,0.5-0.6,3930
1980,fr,ad,<200,<0.5,1055
1980,it,article,>=800,NA,961
1980,lb,ad,<200,0.5-0.6,9
1980,fr,ad,>=800,0.5-0.6,2262
1980,en,ad,>=800,<0.5,28
1980,en,ad,>=800,0.5-0.6,3
1980,en,ad,<200,>=0.8,314
1980,en,ad,200-400,>=0.8,786
1980,en,ad,600-800,>=0.8,600
1980,en,ad,200-400,0.7-0.8,15
1980,de,article,400-600,NA,2368
1980,en,ad,>=800,>=0.8,1717
1980,pt,article,>=800,NA,3
1980,en,ad,400-600,>=0.8,768
1980,lb,ad,<200,<0.5,2
1980,en,article,<200,>=0.8,92
1980,de,ad,600-800,<0.5,39
1990,en,ad,>=800,0.7-0.8,38
1990,de,ad,400-600,NA,332
1990,de,ad,>=800,NA,370
1990,en,ad,>=800,>=0.8,2559
1990,en,ad,400-600,>=0.8,672
1990,nl,ad,>=800,NA,5
1990,en,ad,600-800,>=0.8,546
1990,en,ad,<200,>=0.8,303
1990,fr,ad,>=800,0.5-0.6,1523
1990,en,ad,200-400,>=0.8,686
1990,lb,ad,>=800,<0.5,3
1990,de,ad,600-800,NA,165
1990,fr,ad,<200,<0.5,684
1990,lb,ad,600-800,0.6-0.7,1
1990,lb,ad,600-800,0.5-0.6,2
1990,de,ad,600-800,<0.5,41
1990,fr,ad,600-800,0.5-0.6,287
1990,pt,article,200-400,NA,20
1990,en,ad,200-400,0.7-0.8,18
1990,fr,ad,600-800,<0.5,97
2000,en,ad,600-800,>=0.8,99
2000,de,ad,600-800,<0.5,16
2000,en,ad,200-400,>=0.8,224
2000,en,ad,>=800,>=0.8,1183
2000,en,ad,400-600,>=0.8,180
2000,en,ad,<200,>=0.8,207
2000,en,article,400-600,>=0.8,133
2000,lb,ad,<200,<0.5,1
2000,en,ad,400-600,0.7-0.8,1
2000,fr,ad,400-600,0.5-0.6,183
2000,fr,ad,<200,0.5-0.6,1598
2000,de,ad,600-800,NA,68
2000,lb,ad,>=800,0.6-0.7,1
2000,en,article,600-800,>=0.8,139
2000,en,ad,400-600,0.6-0.7,1
2000,fr,ad,600-800,0.5-0.6,112
2000,fr,ad,<200,<0.5,323
2000,de,ad,>=800,<0.5,53
2000,lb,ad,400-600,0.5-0.6,1
2000,en,ad,<200,0.7-0.8,42
2000,lb,ad,600-800,0.5-0.6,1
2000,lb,ad,200-400,<0.5,1
1840,de,ad,200-400,0.7-0.8,77
1840,de,ad,400-600,0.6-0.7,22
1840,lb,article,200-400,0.5-0.6,2
1840,de,ad,<200,0.5-0.6,14
1840,de,ad,>=800,0.6-0.7,154
1840,de,ad,200-400,>=0.8,82
1840,de,ad,>=800,>=0.8,79
1840,de,ad,400-600,0.7-0.8,56
1840,de,ad,200-400,0.6-0.7,99
1840,de,ad,<200,>=0.8,54
1840,de,ad,<200,0.6-0.7,24
1840,de,ad,200-400,0.5-0.6,38
1840,de,ad,400-600,>=0.8,47
1840,de,ad,400-600,0.5-0.6,2
1840,de,ad,600-800,0.7-0.8,27
1840,lb,article,<200,0.6-0.7,2
1840,de,ad,600-800,0.5-0.6,2
1840,de,ad,400-600,NA,2
1850,de,article,<200,<0.5,269
1850,lb,article,200-400,<0.5,1
1850,lb,ad,600-800,<0.5,1
1850,de,ad,200-400,NA,42
1850,de,ad,>=800,NA,17
1850,de,ad,400-600,NA,9
1850,de,ad,600-800,NA,3
1860,lb,article,<200,>=0.8,4
1860,it,ad,<200,NA,2
1860,lb,ad,<200,0.6-0.7,1
1860,lb,article,<200,<0.5,2
1860,lb,article,>=800,<0.5,9
1860,lb,ad,>=800,<0.5,1
1860,lb,ad,400-600,<0.5,1
1860,lb,article,200-400,0.5-0.6,3
1860,lb,article,<200,0.6-0.7,4
1870,lb,ad,200-400,0.5-0.6,1
1870,lb,ad,>=800,<0.5,1
1870,lb,article,600-800,<0.5,1
1870,lb,article,400-600,<0.5,1
1870,lb,ad,<200,0.6-0.7,1
1870,lb,article,<200,0.7-0.8,39
1880,lb,ad,200-400,0.6-0.7,1
1880,en,ad,<200,<0.5,1
1890,lb,ad,<200,0.7-0.8,2
1890,it,ad,200-400,NA,20
1900,lb,ad,200-400,0.6-0.7,2
1910,lb,ad,>=800,<0.5,11
1910,lb,ad,<200,>=0.8,7
1910,lb,ad,400-600,0.6-0.7,7
1910,lb,article,<200,0.5-0.6,5
1910,el,ad,>=800,NA,4
1910,el,article,>=800,NA,4
1910,el,ad,200-400,NA,1
1910,lb,ad,600-800,0.5-0.6,5
1910,lb,ad,400-600,0.5-0.6,5
1910,lb,article,400-600,<0.5,2
1910,lb,article,200-400,<0.5,4
1920,lb,ad,600-800,<0.5,4
1930,it,ad,<200,NA,58
1930,lb,article,400-600,<0.5,9
1930,en,ad,600-800,>=0.8,9
1940,it,article,600-800,NA,52
1940,en,article,600-800,0.7-0.8,3
1940,it,article,400-600,NA,33
1940,en,ad,<200,0.7-0.8,31
1950,de,article,600-800,<0.5,200
1950,de,article,200-400,<0.5,1288
1950,lb,article,<200,0.6-0.7,7
1950,lb,ad,>=800,>=0.8,7
1950,lb,article,<200,0.7-0.8,12
1950,fr,ad,>=800,<0.5,873
1950,de,article,400-600,<0.5,441
1950,fr,article,200-400,<0.5,643
1950,fr,article,<200,0.6-0.7,3936
1950,lb,article,400-600,0.5-0.6,4
1950,lb,ad,600-800,0.5-0.6,6
1950,lb,ad,>=800,<0.5,1
1950,lb,article,600-800,0.5-0.6,1
1950,de,article,<200,<0.5,1924
1950,lb,ad,600-800,>=0.8,6
1850,lb,ad,<200,>=0.8,1
1910,lb,ad,>=800,>=0.8,1
1910,lb,article,>=800,>=0.8,35
1910,lb,article,200-400,NA,5
1910,lb,ad,<200,NA,19
1910,lb,ad,400-600,NA,1
1910,lb,article,<200,NA,21
1910,lb,ad,>=800,0.6-0.7,12
1910,lb,article,600-800,>=0.8,14
1910,lb,ad,>=800,NA,1
1910,lb,article,400-600,>=0.8,13
1910,lb,ad,600-800,<0.5,3
1910,lb,ad,600-800,0.6-0.7,2
1910,lb,ad,>=800,0.7-0.8,5
1910,lb,ad,600-800,NA,1
1910,lb,ad,400-600,0.7-0.8,5
1910,lb,ad,200-400,>=0.8,4
1910,lb,ad,600-800,>=0.8,2
1910,lb,article,400-600,NA,1
1910,lb,article,<200,<0.5,1
1910,lb,ad,400-600,>=0.8,1
1920,lb,ad,400-600,NA,1
1920,lb,article,400-600,NA,1
1970,fr,article,400-600,<0.5,526
1970,fr,article,200-400,0.5-0.6,948
1970,fr,article,400-600,0.5-0.6,573
1970,fr,article,>=800,NA,26159
1970,fr,article,<200,NA,275417
1970,fr,article,600-800,0.5-0.6,275
1980,fr,article,>=800,NA,53039
1980,fr,article,400-600,0.5-0.6,305
1980,fr,article,<200,NA,336997
1980,fr,ad,<200,NA,351056
1980,fr,article,200-400,NA,14314
1980,fr,article,600-800,NA,4977
1980,fr,article,400-600,<0.5,191
1980,en,article,>=800,0.5-0.6,2
1990,fr,article,>=800,NA,49739
1990,nl,article,200-400,NA,1
1990,fr,article,600-800,NA,5862
1990,fr,article,<200,NA,263364
1990,fr,ad,200-400,<0.5,230
1990,fr,article,200-400,NA,14788
1990,fr,article,400-600,NA,8046
1990,fr,article,200-400,<0.5,253
1990,fr,ad,<200,NA,252410
1990,fr,article,600-800,<0.5,223
1990,en,article,>=800,0.7-0.8,9
2000,fr,article,>=800,NA,31268
2000,fr,article,<200,NA,196962
2000,fr,article,600-800,NA,6267
2010,fr,article,>=800,NA,8316
2010,en,article,<200,>=0.8,33
2010,en,article,>=800,0.7-0.8,1
1890,lb,ad,>=800,0.7-0.8,1
1910,lb,article,600-800,<0.5,2
1950,fr,ad,600-800,<0.5,429
1950,fr,ad,200-400,<0.5,2197
1950,fr,article,600-800,<0.5,273
1950,fr,article,<200,<0.5,536
1960,de,article,400-600,<0.5,850
1960,de,article,600-800,<0.5,402
1960,fr,ad,200-400,<0.5,696
1970,de,article,600-800,NA,3381
1980,lb,article,<200,<0.5,1
1990,de,article,400-600,<0.5,252
2000,lb,article,400-600,0.6-0.7,1
2010,de,ad,200-400,<0.5,37
2010,de,ad,<200,<0.5,30
2010,de,ad,400-600,<0.5,11
2010,de,ad,>=800,0.5-0.6,14
2010,de,article,<200,<0.5,25
2010,de,ad,>=800,<0.5,8
2010,de,ad,600-800,<0.5,5
2020,de,ad,200-400,0.6-0.7,7
2020,de,ad,200-400,0.5-0.6,10
2020,de,ad,>=800,0.5-0.6,1
2020,de,article,600-800,0.6-0.7,10
2020,de,ad,200-400,<0.5,4
2020,de,ad,>=800,0.6-0.7,2
2020,de,article,400-600,0.5-0.6,7
2020,de,ad,<200,NA,5
2020,de,ad,600-800,0.6-0.7,2
2020,de,article,600-800,0.5-0.6,2
2020,de,ad,<200,<0.5,3
2020,de,ad,>=800,<0.5,1
2020,de,article,<200,0.5-0.6,2
2020,de,article,<200,0.6-0.7,2
2020,de,ad,>=800,>=0.8,1
2020,de,article,200-400,0.5-0.6,1
2020,de,ad,200-400,0.7-0.8,4
2020,de,ad,200-400,>=0.8,10
2020,de,article,400-600,0.6-0.7,6
2020,de,article,400-600,NA,2
2020,de,ad,600-800,0.7-0.8,1
1940,en,article,600-800,0.6-0.7,2
1940,en,article,200-400,0.5-0.6,2
1940,en,article,<200,0.5-0.6,6
1940,en,article,600-800,0.5-0.6,1
1940,pl,article,200-400,NA,1
1910,it,article,200-400,NA,96
1920,it,article,400-600,NA,34
1920,it,article,600-800,NA,21
1920,it,ad,400-600,NA,27
1920,it,article,<200,NA,41
1920,pl,ad,>=800,NA,2
1920,pl,article,400-600,NA,3
1930,it,article,>=800,NA,20
1930,it,article,400-600,NA,6
1920,lb,article,200-400,<0.5,2
1920,lb,article,600-800,<0.5,1
1920,lb,article,400-600,<0.5,1
1910,hu,article,>=800,NA,5
1910,pl,article,>=800,NA,3
1910,it,ad,>=800,NA,58
1930,it,ad,>=800,NA,10
1930,it,ad,200-400,NA,150
1930,lb,ad,>=800,>=0.8,3
1940,it,ad,<200,NA,65
1940,it,ad,600-800,NA,7
1940,it,ad,400-600,NA,14
1940,it,ad,>=800,NA,10
1940,it,ad,200-400,NA,80
1940,en,ad,>=800,0.7-0.8,4
1940,pl,ad,<200,NA,2
1950,it,article,400-600,NA,224
1950,it,ad,<200,NA,99
1900,nl,article,200-400,NA,1
1950,fr,ad,<200,NA,198820
1950,fr,article,400-600,<0.5,463
1960,fr,ad,<200,NA,228378
1960,fr,article,200-400,0.5-0.6,652
1960,fr,article,<200,NA,239937
1960,fr,ad,600-800,<0.5,134
1960,fr,ad,600-800,0.5-0.6,520
1960,fr,ad,400-600,NA,11434
1960,fr,article,600-800,0.5-0.6,269
1960,en,article,<200,0.6-0.7,13
1960,fr,ad,400-600,0.5-0.6,983
1960,en,ad,200-400,0.6-0.7,13
1960,fr,article,600-800,<0.5,52
1960,fr,article,200-400,<0.5,166
1960,fr,article,<200,<0.5,369
1960,en,article,400-600,>=0.8,155
1860,lb,article,200-400,<0.5,3
1940,nl,article,>=800,NA,11
1940,nl,ad,200-400,NA,5
1940,nl,article,600-800,NA,1
1940,nl,article,<200,NA,3
1940,nl,article,200-400,NA,2
1940,nl,article,400-600,NA,1
1930,en,article,>=800,0.5-0.6,1
1930,en,article,200-400,0.7-0.8,5
1950,fr,article,200-400,0.5-0.6,505
1950,fr,article,<200,NA,186691
1950,en,article,200-400,0.6-0.7,2
1950,fr,article,400-600,0.5-0.6,299
1950,fr,article,<200,0.5-0.6,977
1950,fr,article,>=800,NA,15731
1950,fr,ad,600-800,NA,3106
1960,fr,ad,>=800,0.5-0.6,1661
1960,lb,article,<200,0.6-0.7,1
1960,fr,article,600-800,NA,1523
1960,fr,article,200-400,NA,7330
1960,it,ad,200-400,NA,398
1960,fr,article,<200,0.5-0.6,1091
1960,fr,ad,400-600,<0.5,223
1960,lb,article,200-400,0.5-0.6,1
1840,lb,article,>=800,>=0.8,1
1840,lb,article,400-600,0.6-0.7,1
1840,lb,article,400-600,0.7-0.8,1
1840,lb,article,200-400,>=0.8,1
1840,lb,ad,200-400,0.7-0.8,1
1910,it,ad,400-600,NA,50
1840,de,ad,600-800,NA,2
1850,lb,article,400-600,0.6-0.7,1
1860,lb,article,200-400,0.6-0.7,9
1860,lb,article,<200,0.7-0.8,1
1860,lb,article,400-600,0.7-0.8,8
1860,lb,article,600-800,0.7-0.8,6
1860,lb,article,400-600,>=0.8,1
1860,lb,article,600-800,<0.5,1
1860,lb,article,600-800,>=0.8,1
1870,lb,article,600-800,>=0.8,12
1870,lb,article,<200,>=0.8,27
1870,lb,article,200-400,>=0.8,34
1870,lb,article,>=800,>=0.8,8
1870,nl,article,200-400,NA,3
1870,nl,article,>=800,NA,1
1870,lb,article,600-800,0.5-0.6,2
1870,la,ad,400-600,NA,1
1880,nl,article,600-800,NA,1
1880,lb,ad,<200,0.7-0.8,1
1950,fr,article,400-600,NA,2075
1950,fr,article,600-800,NA,796
1960,fr,article,>=800,NA,18618
1790,fr,article,>=800,>=0.8,764
1790,fr,article,<200,NA,773
1790,fr,article,200-400,>=0.8,169
1790,fr,article,600-800,>=0.8,142
1790,fr,article,>=800,0.7-0.8,1237
1790,fr,article,>=800,0.6-0.7,80
1790,fr,article,400-600,>=0.8,168
1790,fr,article,<200,>=0.8,168
1790,fr,article,600-800,0.7-0.8,114
1790,fr,article,600-800,0.6-0.7,6
1790,fr,article,200-400,0.7-0.8,83
1790,fr,article,400-600,0.7-0.8,105
1790,fr,article,400-600,0.6-0.7,6
1790,fr,article,>=800,0.5-0.6,14
1790,fr,article,<200,0.7-0.8,70
1790,fr,article,200-400,0.6-0.7,12
1790,fr,article,200-400,0.5-0.6,2
1790,fr,article,<200,0.6-0.7,16
1790,fr,article,200-400,<0.5,1
1790,fr,article,400-600,0.5-0.6,1
1800,fr,article,200-400,0.6-0.7,66
1800,de,article,200-400,0.5-0.6,25
1800,fr,article,<200,NA,804
1800,fr,article,200-400,NA,15
1800,fr,article,<200,0.6-0.7,11
1800,fr,article,200-400,0.5-0.6,4
1800,fr,article,400-600,0.6-0.7,8
1800,fr,article,600-800,0.6-0.7,8
1800,fr,article,>=800,0.5-0.6,23
1800,fr,article,600-800,0.5-0.6,1
1800,fr,article,>=800,<0.5,4
1810,de,article,600-800,0.5-0.6,11
1820,fr,article,<200,0.5-0.6,2
1830,de,article,>=800,0.6-0.7,4866
1850,it,ad,200-400,NA,3
1860,nl,ad,>=800,NA,2
1860,it,article,600-800,NA,1
1860,it,ad,>=800,NA,5
1870,en,ad,400-600,0.7-0.8,2
1870,es,ad,200-400,NA,1
1870,it,article,600-800,NA,4
1870,it,ad,<200,NA,4
1870,en,ad,<200,0.6-0.7,2
1870,it,ad,200-400,NA,2
1880,en,ad,<200,0.6-0.7,2
1890,en,ad,400-600,<0.5,2
1890,nl,ad,<200,NA,2
1890,bs,ad,<200,NA,1
1890,en,ad,<200,<0.5,1
1900,it,ad,<200,NA,30
1900,es,ad,<200,NA,1
1900,nl,ad,200-400,NA,2
1900,es,ad,400-600,NA,1
1900,en,ad,<200,0.6-0.7,7
1900,en,ad,400-600,0.7-0.8,7
1900,it,ad,400-600,NA,17
1900,nl,ad,600-800,NA,1
1900,nl,ad,>=800,NA,1
1900,it,ad,600-800,NA,21
1900,it,ad,>=800,NA,17
1910,it,ad,<200,NA,35
1910,es,ad,200-400,NA,2
1910,it,ad,200-400,NA,92
1910,en,ad,<200,0.5-0.6,4
1910,nl,ad,600-800,NA,2
1910,nl,ad,>=800,NA,9
1910,nl,ad,200-400,NA,2
1910,pt,ad,400-600,NA,1
1910,hu,ad,>=800,NA,1
1910,es,ad,<200,NA,3
1910,nl,ad,<200,NA,2
1910,it,ad,600-800,NA,26
1910,bs,ad,200-400,NA,1
1910,bs,ad,>=800,NA,1
1910,pl,ad,<200,NA,1
1910,en,ad,<200,<0.5,2
1910,it,article,<200,NA,107
1910,pl,ad,>=800,NA,2
1910,en,ad,400-600,0.5-0.6,2
1910,bs,ad,400-600,NA,1
1920,en,ad,400-600,0.7-0.8,10
1920,nl,ad,200-400,NA,9
1920,nl,ad,600-800,NA,2
1920,en,ad,600-800,>=0.8,3
1920,nl,ad,<200,NA,4
1920,en,article,<200,0.7-0.8,2
1920,pl,ad,400-600,NA,8
1920,nl,ad,400-600,NA,1
1920,pl,ad,600-800,NA,6
1920,hu,ad,<200,NA,1
1920,en,ad,600-800,0.6-0.7,2
1920,nl,article,400-600,NA,1
1920,es,ad,200-400,NA,1
1920,it,ad,600-800,NA,12
1920,en,ad,>=800,0.6-0.7,1
1930,en,article,>=800,0.6-0.7,7
1930,en,ad,200-400,0.7-0.8,17
1930,en,ad,400-600,>=0.8,25
1930,nl,ad,<200,NA,4
1930,en,ad,400-600,0.6-0.7,2
1930,en,ad,400-600,0.7-0.8,2
1930,es,ad,<200,NA,6
1930,en,ad,>=800,<0.5,1
1930,en,ad,<200,0.5-0.6,1
1930,it,ad,400-600,NA,14
1940,en,ad,400-600,0.7-0.8,7
1940,en,ad,<200,0.5-0.6,5
1940,hu,ad,<200,NA,1
1940,en,ad,200-400,0.7-0.8,26
1940,en,article,<200,0.6-0.7,8
1940,es,ad,200-400,NA,6
1940,vi,article,<200,NA,1
1950,fr,ad,>=800,NA,8316
1950,fr,ad,200-400,NA,9899
1950,en,ad,<200,0.7-0.8,130
1950,fr,ad,400-600,NA,6108
1950,it,ad,200-400,NA,87
1950,fr,article,200-400,NA,3725
1950,en,ad,<200,0.6-0.7,48
1950,en,ad,200-400,0.6-0.7,5
1950,es,ad,200-400,NA,1
1950,en,ad,200-400,0.7-0.8,31
1950,nl,ad,<200,NA,3
1950,en,ad,<200,0.5-0.6,9
1950,en,article,<200,0.5-0.6,13
1950,en,ad,400-600,0.7-0.8,12
1950,it,ad,>=800,NA,19
1950,en,article,<200,0.7-0.8,30
1950,it,ad,400-600,NA,24
1950,en,ad,400-600,0.6-0.7,3
1950,en,article,<200,0.6-0.7,18
1950,fr,ad,400-600,<0.5,850
1950,en,article,200-400,0.7-0.8,9
1950,it,ad,600-800,NA,13
1950,it,article,600-800,NA,207
1950,en,ad,600-800,0.7-0.8,11
1950,en,ad,>=800,0.7-0.8,24
1960,fr,ad,600-800,NA,6821
1960,fr,ad,200-400,NA,19091
1960,fr,ad,>=800,NA,21299
1960,en,ad,>=800,0.7-0.8,10
1960,en,article,200-400,>=0.8,227
1960,it,ad,600-800,NA,43
1960,it,article,>=800,NA,2216
1960,it,article,<200,NA,259
1960,it,ad,<200,NA,224
1960,fr,article,400-600,NA,3575
1960,es,ad,200-400,NA,18
1960,es,ad,>=800,NA,8
1960,it,ad,400-600,NA,116
1960,en,article,>=800,0.7-0.8,6
1960,en,ad,600-800,0.7-0.8,5
1960,it,ad,>=800,NA,78
1960,en,ad,<200,0.7-0.8,73
1960,nl,ad,<200,NA,3
1960,en,article,200-400,0.7-0.8,22
1960,sv,ad,<200,NA,2
1960,en,ad,<200,0.6-0.7,30
1960,nl,article,>=800,NA,2
1960,es,ad,400-600,NA,15
1960,en,ad,400-600,<0.5,1
1960,en,ad,<200,0.5-0.6,5
1960,nl,article,<200,NA,1
1960,nl,ad,200-400,NA,2
1960,it,article,200-400,NA,341
1960,es,ad,<200,NA,25
1960,nl,article,200-400,NA,1
1960,en,article,600-800,0.7-0.8,2
1960,es,ad,600-800,NA,8
1960,sv,ad,400-600,NA,1
1960,sk,ad,200-400,NA,1
1970,fr,ad,<200,NA,245808
1970,fr,ad,>=800,NA,26967
1970,sv,ad,400-600,NA,2
1970,fr,ad,600-800,NA,7951
1970,fr,article,200-400,NA,9512
1970,fr,ad,200-400,NA,21302
1970,it,ad,600-800,NA,74
1970,fr,ad,400-600,NA,13494
1970,fr,article,600-800,NA,3303
1970,en,ad,<200,0.5-0.6,7
1970,fr,article,400-600,NA,5471
1970,it,ad,>=800,NA,124
1970,fr,article,<200,0.5-0.6,1523
1970,it,ad,400-600,NA,93
1970,it,ad,<200,NA,175
1970,it,ad,200-400,NA,162
1970,it,article,400-600,NA,782
1970,it,article,200-400,NA,385
1970,fr,ad,400-600,<0.5,422
1970,en,ad,200-400,0.7-0.8,25
1970,fr,ad,>=800,<0.5,494
1970,en,ad,<200,0.7-0.8,58
1970,en,article,<200,0.7-0.8,27
1970,nl,ad,400-600,NA,13
1970,en,ad,200-400,0.6-0.7,6
1970,en,ad,200-400,0.5-0.6,4
1970,it,article,<200,NA,307
1970,nl,ad,200-400,NA,3
1970,fr,article,<200,<0.5,659
1970,es,ad,<200,NA,15
1970,es,ad,>=800,NA,12
1970,es,ad,400-600,NA,20
1970,pt,ad,>=800,NA,1
1970,en,ad,<200,0.6-0.7,13
1970,en,ad,>=800,0.7-0.8,30
1970,nl,article,200-400,NA,2
1970,pl,article,200-400,NA,4
1970,fr,ad,200-400,<0.5,888
1980,fr,ad,600-800,<0.5,122
1980,fr,ad,200-400,NA,37451
1980,fr,ad,>=800,NA,33398
1980,it,ad,200-400,NA,253
1980,fr,article,400-600,NA,9833
1980,fr,ad,400-600,NA,17105
1980,fr,ad,600-800,NA,10747
1980,en,ad,>=800,0.7-0.8,67
1980,nl,ad,<200,NA,3
1980,it,ad,400-600,NA,112
1980,it,ad,<200,NA,221
1980,it,ad,600-800,NA,74
1980,es,ad,<200,NA,32
1980,en,ad,600-800,0.7-0.8,7
1980,vi,ad,600-800,NA,1
1980,en,ad,200-400,0.5-0.6,1
1980,vi,ad,<200,NA,1
1980,bs,article,<200,NA,1
1980,en,ad,<200,0.7-0.8,22
1980,pl,ad,<200,NA,6
1980,en,ad,>=800,0.6-0.7,6
1980,es,ad,>=800,NA,20
1980,pl,article,400-600,NA,1
1980,en,ad,<200,0.6-0.7,11
1980,en,ad,400-600,0.7-0.8,3
1990,fr,ad,200-400,NA,31690
1990,fr,ad,>=800,NA,31461
1990,en,ad,<200,0.7-0.8,27
1990,fr,ad,400-600,NA,12932
1990,it,ad,<200,NA,225
1990,it,ad,400-600,NA,65
1990,it,ad,>=800,NA,66
1990,it,article,600-800,NA,1339
1990,fr,ad,600-800,NA,8012
1830,fr,article,600-800,<0.5,1
1830,fr,article,400-600,<0.5,2
1830,fr,article,600-800,0.5-0.6,4
1830,fr,article,200-400,<0.5,1
1830,it,ad,<200,NA,5
1830,de,article,600-800,<0.5,10
1830,de,article,400-600,<0.5,11
1850,en,ad,200-400,<0.5,1
1850,en,ad,400-600,0.6-0.7,1
1850,it,article,600-800,NA,6
1860,en,ad,400-600,0.6-0.7,1
1870,it,ad,>=800,NA,2
1870,it,ad,400-600,NA,1
1880,it,article,600-800,NA,5
1890,en,ad,400-600,0.6-0.7,1
1890,es,article,<200,NA,5
1890,nl,article,>=800,NA,1
1890,es,ad,400-600,NA,2
1900,es,article,200-400,NA,1
1900,es,article,<200,NA,1
1910,en,article,<200,0.6-0.7,1
1910,en,article,400-600,0.6-0.7,1
1920,en,article,>=800,0.5-0.6,1
1920,en,article,200-400,0.6-0.7,1
1920,en,ad,400-600,0.6-0.7,1
1920,en,ad,<200,0.5-0.6,3
1920,en,article,<200,0.6-0.7,2
1920,en,article,400-600,0.6-0.7,1
1920,nl,article,200-400,NA,2
1920,en,ad,600-800,0.7-0.8,1
1920,es,ad,<200,NA,5
1920,pl,ad,<200,NA,1
1930,es,ad,>=800,NA,5
1930,es,ad,400-600,NA,2
1930,es,article,>=800,NA,2
1930,es,ad,600-800,NA,2
1940,es,article,400-600,NA,1
1940,es,article,<200,NA,2
1940,en,ad,>=800,0.6-0.7,1
1940,nl,ad,<200,NA,1
1940,es,article,200-400,NA,2
1950,es,article,200-400,NA,1
1950,en,ad,600-800,<0.5,1
1950,en,ad,200-400,<0.5,4
1950,en,ad,>=800,0.6-0.7,2
1950,es,article,600-800,NA,3
1950,en,ad,<200,<0.5,2
1950,en,ad,600-800,0.6-0.7,2
1960,it,article,600-800,NA,172
1960,es,article,200-400,NA,10
1960,en,ad,600-800,0.6-0.7,4
1960,it,article,400-600,NA,200
1960,es,article,<200,NA,13
1960,es,article,400-600,NA,4
1960,en,article,200-400,0.6-0.7,5
1960,es,article,>=800,NA,39
1960,de,article,600-800,0.5-0.6,1804
1960,pl,article,<200,NA,3
1960,nl,ad,600-800,NA,1
1960,en,article,>=800,0.6-0.7,3
1960,sv,ad,600-800,NA,1
1960,en,ad,200-400,0.5-0.6,1
1970,en,ad,>=800,0.6-0.7,3
1970,en,ad,>=800,<0.5,1
1970,de,article,<200,<0.5,1726
1970,en,ad,200-400,<0.5,1
1970,en,ad,600-800,0.7-0.8,9
1970,en,article,200-400,0.7-0.8,8
1970,en,article,>=800,0.7-0.8,10
1970,en,ad,400-600,0.7-0.8,6
1970,en,article,200-400,0.5-0.6,2
1970,es,ad,200-400,NA,24
1970,en,ad,<200,<0.5,4
1970,es,ad,600-800,NA,4
1970,pt,ad,200-400,NA,5
1970,it,article,600-800,NA,219
1970,fr,ad,600-800,<0.5,174
1970,es,article,>=800,NA,25
1970,es,article,400-600,NA,6
1980,it,article,200-400,NA,446
1980,es,ad,200-400,NA,10
1980,en,ad,600-800,0.6-0.7,1
1980,it,article,600-800,NA,525
1980,sv,ad,600-800,NA,1
1980,es,ad,400-600,NA,3
1980,es,article,200-400,NA,3
1980,sv,ad,<200,NA,1
1980,en,article,>=800,0.7-0.8,4
1980,sk,ad,200-400,NA,1
1980,en,article,>=800,0.6-0.7,1
1980,es,ad,600-800,NA,5
1990,en,ad,>=800,0.6-0.7,4
1990,en,ad,400-600,0.7-0.8,13
1990,es,ad,<200,NA,29
1990,it,ad,600-800,NA,87
1990,en,ad,<200,0.6-0.7,9
1990,en,ad,600-800,0.7-0.8,5
1990,es,ad,>=800,NA,14
1990,fr,ad,400-600,<0.5,49
1990,it,article,<200,NA,132
1990,pt,ad,400-600,NA,8
1990,it,article,>=800,NA,1644
1990,nl,ad,<200,NA,2
1990,en,article,600-800,0.7-0.8,48
1990,it,article,200-400,NA,913
1990,es,ad,200-400,NA,20
1990,en,article,<200,0.7-0.8,48
1990,nl,ad,200-400,NA,2
1990,pt,ad,>=800,NA,6
1990,en,article,400-600,0.7-0.8,19
1990,la,ad,<200,NA,1
1990,en,ad,>=800,0.5-0.6,2
1990,en,article,>=800,0.6-0.7,5
1990,es,ad,400-600,NA,4
1810,de,ad,<200,0.5-0.6,2
1810,de,article,200-400,0.7-0.8,62
1810,de,article,>=800,0.7-0.8,2697
1810,de,article,<200,NA,608
1810,de,article,>=800,>=0.8,409
1810,de,article,>=800,0.6-0.7,1275
1810,de,article,600-800,0.7-0.8,41
1810,de,article,200-400,0.6-0.7,33
1810,de,ad,>=800,NA,9
1810,de,article,400-600,0.7-0.8,45
1810,de,article,600-800,>=0.8,24
1810,de,ad,<200,0.7-0.8,2
1810,de,article,>=800,0.5-0.6,192
1810,de,article,400-600,>=0.8,28
1810,de,article,200-400,>=0.8,19
1810,de,article,<200,0.6-0.7,33
1810,de,ad,>=800,0.6-0.7,19
1810,de,ad,>=800,0.5-0.6,11
1810,de,ad,>=800,0.7-0.8,4
1810,de,article,<200,0.5-0.6,18
1810,de,article,200-400,NA,19
1810,de,article,200-400,0.5-0.6,21
1810,de,article,400-600,0.6-0.7,38
1810,de,article,600-800,NA,16
1810,de,article,600-800,0.6-0.7,18
1810,de,article,>=800,NA,96
1810,de,ad,200-400,0.5-0.6,4
1810,de,ad,>=800,>=0.8,1
1810,de,ad,600-800,NA,2
1810,de,ad,<200,0.6-0.7,4
1810,de,ad,<200,<0.5,1
1820,de,article,>=800,0.6-0.7,2076
1820,de,article,>=800,0.7-0.8,3673
1820,de,article,>=800,>=0.8,369
1820,de,article,>=800,0.5-0.6,458
1820,de,article,400-600,0.6-0.7,58
1820,de,article,200-400,0.7-0.8,91
1820,de,article,<200,NA,790
1820,de,article,600-800,0.7-0.8,69
1820,de,article,<200,>=0.8,24
1820,de,article,<200,0.6-0.7,42
1820,de,article,400-600,0.7-0.8,63
1820,de,article,<200,0.7-0.8,33
1820,de,article,600-800,0.6-0.7,40
1820,de,article,>=800,<0.5,39
1820,de,article,200-400,>=0.8,29
1820,de,article,600-800,>=0.8,13
1820,de,article,400-600,>=0.8,24
1820,de,article,200-400,0.6-0.7,79
1820,de,article,600-800,0.5-0.6,14
1820,de,article,<200,0.5-0.6,29
1820,de,article,200-400,0.5-0.6,37
1820,de,article,>=800,NA,98
1820,de,article,600-800,NA,14
1820,de,article,<200,<0.5,9
1820,de,article,400-600,0.5-0.6,25
1820,de,ad,400-600,>=0.8,2
1820,de,ad,>=800,0.7-0.8,7
1820,de,ad,>=800,>=0.8,2
1820,de,article,400-600,NA,14
1820,de,article,200-400,<0.5,5
1820,de,article,600-800,<0.5,15
1820,de,article,400-600,<0.5,13
1830,de,ad,<200,NA,14
1830,de,ad,<200,0.7-0.8,8
1830,de,article,<200,NA,3144
1830,de,article,>=800,0.7-0.8,9130
1830,de,article,>=800,0.5-0.6,1807
1830,de,article,>=800,<0.5,309
1830,de,article,400-600,0.7-0.8,361
1830,de,article,200-400,0.5-0.6,132
1830,de,article,<200,<0.5,41
1830,de,article,200-400,0.7-0.8,479
1830,de,article,400-600,0.6-0.7,221
1830,de,article,<200,0.5-0.6,162
1830,de,article,600-800,>=0.8,207
1830,de,article,600-800,0.6-0.7,213
1830,de,article,200-400,NA,95
1830,de,article,600-800,0.5-0.6,91
1830,de,article,400-600,0.5-0.6,79
1830,de,article,600-800,0.7-0.8,350
1830,de,article,>=800,NA,74
1830,de,article,600-800,NA,29
1830,de,article,>=800,>=0.8,3668
1830,de,article,200-400,0.6-0.7,387
1830,de,article,<200,0.6-0.7,258
1830,de,article,400-600,NA,71
1830,de,article,200-400,<0.5,28
1830,de,ad,>=800,0.7-0.8,11
1830,de,ad,400-600,0.6-0.7,1
1940,en,article,200-400,0.6-0.7,4
1940,en,ad,400-600,0.6-0.7,1
1940,pl,article,<200,NA,1
1950,it,article,<200,NA,182
1950,en,article,600-800,0.7-0.8,3
1950,en,article,>=800,0.6-0.7,1
1950,en,article,600-800,0.6-0.7,1
1950,en,article,400-600,0.7-0.8,8
1950,pl,article,<200,NA,2
1950,en,article,>=800,0.7-0.8,11
1960,en,article,>=800,0.5-0.6,1
1960,en,article,200-400,0.5-0.6,1
1960,en,article,600-800,0.5-0.6,1
1960,pl,article,200-400,NA,2
1960,en,article,400-600,0.7-0.8,11
1960,en,article,<200,0.7-0.8,21
1960,pl,ad,<200,NA,2
1960,es,article,600-800,NA,3
1970,en,article,<200,0.6-0.7,12
1970,en,article,600-800,0.7-0.8,3
1970,pl,article,600-800,NA,8
1970,en,article,200-400,0.6-0.7,7
1970,en,article,200-400,<0.5,1
1970,en,article,<200,0.5-0.6,6
1970,en,article,>=800,0.5-0.6,3
1970,en,article,>=800,0.6-0.7,1
1730,fr,article,>=800,0.5-0.6,1
1730,fr,article,>=800,0.7-0.8,1
1730,fr,article,>=800,0.6-0.7,3
1740,fr,article,>=800,0.5-0.6,3
1740,fr,article,>=800,0.6-0.7,2
1740,fr,article,400-600,NA,1
1740,fr,article,<200,0.6-0.7,2
1740,fr,article,>=800,0.7-0.8,2
1750,fr,article,>=800,>=0.8,2
1750,fr,article,400-600,>=0.8,1
1750,fr,article,>=800,0.7-0.8,2
1750,fr,article,400-600,0.7-0.8,1
1760,fr,article,>=800,>=0.8,47
1760,fr,article,>=800,0.7-0.8,107
1760,fr,article,400-600,0.7-0.8,3
1760,fr,article,>=800,0.6-0.7,6
1760,fr,article,400-600,NA,16
1760,fr,article,200-400,0.6-0.7,3
1760,fr,article,200-400,NA,21
1760,fr,article,>=800,NA,2
1760,fr,article,200-400,0.7-0.8,28
1760,fr,article,600-800,0.7-0.8,12
1760,fr,article,200-400,>=0.8,22
1760,fr,article,600-800,>=0.8,9
1760,fr,article,400-600,>=0.8,3
1760,fr,article,<200,>=0.8,15
1760,fr,article,<200,NA,9
1760,fr,article,<200,0.6-0.7,4
1760,fr,article,<200,0.7-0.8,4
1770,fr,article,>=800,0.7-0.8,266
1770,fr,article,<200,>=0.8,87
1770,fr,article,200-400,0.7-0.8,59
1770,fr,article,>=800,>=0.8,142
1770,fr,article,200-400,>=0.8,126
1770,fr,article,200-400,NA,17
1770,fr,article,<200,NA,175
1770,fr,article,400-600,0.6-0.7,10
1770,fr,article,400-600,>=0.8,72
1770,fr,article,600-800,>=0.8,29
1770,fr,article,400-600,NA,47
1770,fr,article,400-600,0.7-0.8,80
1770,fr,article,<200,0.7-0.8,43
1770,fr,article,<200,0.6-0.7,3
1770,fr,article,>=800,0.6-0.7,11
1770,fr,article,600-800,0.7-0.8,24
1770,fr,article,200-400,0.6-0.7,6
1770,fr,article,600-800,NA,8
1770,fr,article,600-800,0.6-0.7,1
1770,fr,article,>=800,NA,3
1770,fr,article,>=800,0.5-0.6,1
1780,fr,article,>=800,0.6-0.7,2
1780,fr,article,200-400,>=0.8,1
1780,fr,article,>=800,>=0.8,13
1780,fr,article,200-400,NA,1
1780,fr,article,>=800,0.7-0.8,5
1780,fr,article,<200,>=0.8,2
1780,fr,article,<200,0.7-0.8,2
1780,fr,article,200-400,0.7-0.8,1
1790,fr,article,>=800,<0.5,1
1790,fr,article,200-400,NA,1
1890,it,ad,600-800,NA,4
1900,en,ad,<200,<0.5,3
1900,it,article,200-400,NA,30
1910,en,article,<200,0.5-0.6,3
1920,pt,ad,<200,NA,1
1930,it,ad,600-800,NA,5
1930,it,article,600-800,NA,3
1930,en,article,<200,0.6-0.7,2
1930,pt,ad,<200,NA,1
1940,es,ad,<200,NA,3
1950,pt,ad,<200,NA,3
1950,es,ad,<200,NA,5
1950,en,article,600-800,<0.5,1
1950,en,article,200-400,<0.5,4
1950,en,article,200-400,0.5-0.6,2
1950,en,article,400-600,0.6-0.7,1
1950,pt,article,<200,NA,2
1960,en,article,200-400,<0.5,1
1960,en,article,<200,0.5-0.6,2
1960,pt,ad,<200,NA,7
1960,en,ad,<200,<0.5,2
1960,pt,article,>=800,NA,1
1960,pt,article,<200,NA,1
1960,en,article,<200,<0.5,3
1970,en,article,<200,<0.5,3
1970,pt,ad,<200,NA,12
1970,en,article,400-600,0.7-0.8,5
1970,es,article,<200,NA,14
1970,pt,article,<200,NA,5
1980,it,article,400-600,NA,1109
1980,en,ad,<200,<0.5,3
1980,pt,ad,<200,NA,20
1980,en,article,400-600,0.7-0.8,2
1980,en,article,<200,<0.5,1
1980,en,article,<200,0.6-0.7,5
1980,es,article,400-600,NA,5
1980,es,article,600-800,NA,3
1980,pt,article,400-600,NA,2
1980,en,article,<200,0.5-0.6,3
1980,pt,ad,>=800,NA,2
1980,pt,ad,400-600,NA,6
1980,en,ad,200-400,0.6-0.7,1
1980,pt,ad,200-400,NA,13
1980,es,article,>=800,NA,13
1990,pt,ad,200-400,NA,38
1990,pt,ad,<200,NA,72
1990,fr,article,<200,<0.5,225
1990,es,article,>=800,NA,23
1990,pt,ad,600-800,NA,3
1990,es,ad,600-800,NA,9
1990,en,ad,<200,0.5-0.6,3
1990,pt,article,600-800,NA,58
2000,fr,ad,<200,NA,162999
2000,fr,ad,400-600,NA,6698
2000,fr,ad,>=800,NA,22213
2000,fr,ad,200-400,NA,15629
2000,fr,ad,600-800,NA,4348
2000,fr,article,200-400,NA,14005
2000,fr,article,400-600,NA,5445
2000,fr,article,200-400,<0.5,242
2000,it,article,200-400,NA,156
2000,fr,ad,400-600,<0.5,107
2000,it,article,>=800,NA,470
2000,fr,ad,>=800,<0.5,611
2000,fr,ad,200-400,<0.5,164
2000,en,ad,600-800,0.7-0.8,1
2000,it,ad,200-400,NA,77
2000,es,ad,200-400,NA,24
2000,es,ad,<200,NA,28
2000,pt,ad,>=800,NA,3
2000,it,ad,<200,NA,106
2000,it,ad,600-800,NA,16
2000,fr,article,600-800,<0.5,118
2000,pt,ad,<200,NA,14
2000,es,ad,400-600,NA,5
2000,pt,ad,200-400,NA,24
2000,it,ad,>=800,NA,53
2000,fr,ad,600-800,<0.5,94
2000,it,article,<200,NA,100
2000,it,ad,400-600,NA,13
2000,es,article,>=800,NA,68
2000,it,article,400-600,NA,1181
2000,it,article,600-800,NA,482
2000,es,article,200-400,NA,133
2000,pt,ad,400-600,NA,3
2000,en,ad,200-400,0.5-0.6,1
2000,es,article,<200,NA,52
2000,en,ad,200-400,0.7-0.8,8
2000,en,ad,<200,0.6-0.7,15
2000,en,ad,>=800,<0.5,1
2000,pt,article,>=800,NA,196
2000,en,ad,400-600,<0.5,1
2010,fr,ad,<200,NA,39459
2010,fr,article,600-800,NA,1335
2010,fr,ad,<200,>=0.8,31931
2010,fr,article,<200,NA,97872
2010,fr,ad,200-400,0.5-0.6,4430
2010,fr,ad,>=800,<0.5,807
2010,fr,article,200-400,NA,4000
2010,fr,ad,>=800,NA,2508
2010,fr,article,400-600,NA,3021
2010,fr,ad,200-400,NA,3056
2010,en,ad,>=800,>=0.8,201
2010,fr,ad,>=800,0.7-0.8,14937
2010,fr,ad,600-800,NA,1130
2010,fr,ad,400-600,NA,1996
2010,fr,ad,400-600,<0.5,591
2010,fr,ad,<200,0.5-0.6,323
2010,en,ad,200-400,>=0.8,45
2010,fr,ad,600-800,<0.5,209
2010,fr,ad,400-600,0.5-0.6,3934
2010,fr,ad,400-600,0.6-0.7,12772
2010,fr,ad,200-400,<0.5,8030
2010,en,ad,200-400,0.5-0.6,74
2010,it,ad,600-800,NA,7
2010,fr,ad,>=800,0.5-0.6,2124
2010,fr,ad,600-800,0.5-0.6,526
2010,en,ad,400-600,0.7-0.8,54
2010,fr,ad,<200,<0.5,518
2010,en,ad,400-600,>=0.8,29
2010,it,article,<200,NA,26
2010,en,ad,>=800,0.7-0.8,6
2010,en,article,200-400,>=0.8,50
2010,en,ad,200-400,0.6-0.7,25
2010,it,ad,>=800,NA,14
2010,it,ad,200-400,NA,106
2010,fr,article,200-400,<0.5,114
2010,en,ad,400-600,0.6-0.7,10
2010,it,ad,400-600,NA,36
2010,en,ad,<200,>=0.8,46
2010,en,ad,600-800,0.6-0.7,3
2010,fr,article,<200,<0.5,67
2010,it,ad,<200,NA,64
2010,en,ad,600-800,0.7-0.8,18
2010,pt,ad,200-400,NA,49
2010,en,article,600-800,0.7-0.8,1
2010,es,ad,200-400,NA,33
2010,en,ad,200-400,<0.5,6
2010,en,ad,200-400,0.7-0.8,23
2010,it,article,200-400,NA,96
2010,en,ad,<200,0.6-0.7,3
2010,en,ad,<200,0.5-0.6,12
2010,es,ad,<200,NA,7
2010,pt,ad,600-800,NA,2
2010,pt,ad,400-600,NA,7
2010,it,article,600-800,NA,6
1800,de,article,400-600,>=0.8,80
1800,de,article,>=800,>=0.8,621
1800,de,article,<200,NA,292
1800,de,article,>=800,0.7-0.8,1659
1800,de,article,>=800,0.6-0.7,744
1800,de,article,200-400,0.7-0.8,100
1800,de,ad,>=800,0.6-0.7,54
1800,de,article,600-800,0.7-0.8,124
1800,de,article,600-800,>=0.8,93
1800,de,article,<200,>=0.8,28
1800,de,article,200-400,0.6-0.7,76
1800,de,article,200-400,>=0.8,65
1800,de,article,400-600,0.6-0.7,66
1800,de,article,400-600,0.7-0.8,121
1800,de,article,>=800,0.5-0.6,170
1800,de,article,600-800,0.6-0.7,54
1800,de,article,600-800,0.5-0.6,14
1800,de,article,400-600,0.5-0.6,24
1800,de,article,<200,0.6-0.7,25
1800,de,article,>=800,<0.5,87
1800,de,ad,>=800,0.5-0.6,35
1800,de,article,<200,0.7-0.8,34
1800,de,article,<200,0.5-0.6,19
1800,de,ad,<200,0.6-0.7,3
1800,de,ad,200-400,0.7-0.8,3
1800,de,article,600-800,<0.5,11
1800,de,article,>=800,NA,12
1800,de,article,600-800,NA,6
1800,de,article,400-600,NA,7
1800,de,ad,200-400,0.5-0.6,2
1800,de,article,200-400,NA,7
1800,de,article,<200,<0.5,3
1810,de,article,>=800,<0.5,31
1810,de,article,400-600,0.5-0.6,20
1810,de,article,200-400,<0.5,5
1810,de,ad,200-400,0.6-0.7,2
1810,de,article,400-600,<0.5,8
1810,de,article,600-800,<0.5,8
1810,de,ad,200-400,NA,1
1810,de,ad,200-400,0.7-0.8,7
1810,de,ad,400-600,NA,1
1810,de,article,400-600,NA,6
1820,de,ad,200-400,NA,2
1820,de,ad,200-400,0.7-0.8,1
1820,de,ad,200-400,0.5-0.6,3
1820,de,article,200-400,NA,13
1820,de,ad,<200,>=0.8,1
1820,de,ad,<200,0.5-0.6,1
1820,de,ad,<200,0.7-0.8,1
1820,de,ad,>=800,NA,39
1820,de,ad,200-400,<0.5,1
1820,de,ad,200-400,0.6-0.7,6
1820,de,ad,600-800,NA,2
1830,de,ad,200-400,0.6-0.7,4
1830,de,ad,>=800,NA,48
1830,de,ad,200-400,0.7-0.8,6
1830,de,ad,>=800,0.5-0.6,22
1830,de,ad,400-600,NA,2
1840,de,ad,>=800,NA,8
1910,en,article,<200,<0.5,1
1990,en,article,<200,<0.5,1
1990,en,article,<200,0.6-0.7,9
1990,en,article,600-800,0.6-0.7,1
2000,en,ad,>=800,0.7-0.8,1
2000,es,article,400-600,NA,515
2000,en,article,<200,0.7-0.8,28
2000,en,article,<200,0.6-0.7,9
1870,fi,article,<200,NA,3
1880,ro,article,<200,NA,2
1880,fi,article,<200,NA,1
1840,la,article,<200,NA,2
1790,de,ad,<200,0.7-0.8,2
1790,de,ad,200-400,0.7-0.8,3
1790,de,article,>=800,0.7-0.8,426
1790,de,article,>=800,>=0.8,324
1790,de,article,<200,NA,134
1790,de,article,600-800,0.7-0.8,45
1790,de,article,400-600,0.6-0.7,17
1790,de,article,>=800,0.6-0.7,173
1790,de,article,200-400,0.7-0.8,42
1790,de,article,200-400,0.6-0.7,16
1790,de,ad,>=800,0.7-0.8,18
1790,de,article,400-600,>=0.8,22
1790,de,article,<200,0.7-0.8,25
1790,de,article,200-400,>=0.8,29
1790,de,article,400-600,0.7-0.8,30
1790,de,article,600-800,>=0.8,33
1790,de,article,<200,>=0.8,7
1790,de,article,400-600,0.5-0.6,7
1790,de,article,<200,0.6-0.7,14
1790,de,article,200-400,0.5-0.6,8
1790,de,article,<200,0.5-0.6,10
1790,de,article,600-800,0.6-0.7,18
1790,de,article,>=800,0.5-0.6,46
1790,de,ad,>=800,<0.5,5
1790,de,article,>=800,<0.5,25
1790,de,article,600-800,NA,3
1790,de,article,200-400,NA,5
1790,de,article,200-400,<0.5,7
1790,de,ad,>=800,0.6-0.7,8
1790,de,ad,>=800,0.5-0.6,12
1790,de,article,600-800,0.5-0.6,8
1790,de,ad,<200,0.6-0.7,1
1790,de,article,600-800,<0.5,8
1800,de,ad,<200,>=0.8,1
1800,de,article,200-400,<0.5,13
1800,de,ad,>=800,0.7-0.8,12
1800,de,ad,>=800,<0.5,8
1800,de,ad,>=800,NA,3
1800,de,article,400-600,<0.5,13
1800,de,ad,400-600,NA,1
1800,de,ad,400-600,>=0.8,2
1800,de,ad,200-400,0.6-0.7,1
1800,de,ad,>=800,>=0.8,2
1800,de,ad,600-800,>=0.8,1
1880,it,ad,<200,NA,12
1890,es,ad,<200,NA,1
1920,pt,article,<200,NA,10
1930,en,ad,200-400,0.5-0.6,1
1930,en,article,600-800,0.7-0.8,1
1940,pt,ad,<200,NA,2
1950,es,article,<200,NA,7
1980,cs,article,<200,NA,1
1990,pt,article,400-600,NA,19
1990,en,ad,<200,<0.5,2
2000,es,ad,>=800,NA,7
2000,en,ad,600-800,0.6-0.7,1
2010,en,ad,400-600,0.5-0.6,1
2010,en,article,400-600,<0.5,1
2010,en,ad,<200,<0.5,1
2010,en,article,<200,<0.5,2
2010,es,article,200-400,NA,4
1940,fi,article,<200,NA,1
1970,fi,article,<200,NA,1
1980,en,article,400-600,0.6-0.7,1
1850,it,ad,<200,NA,6
1850,it,ad,600-800,NA,1
1850,it,article,400-600,NA,2
1860,la,ad,200-400,NA,1
1820,fr,article,<200,<0.5,1
1820,fr,article,200-400,<0.5,3
1880,it,article,400-600,NA,1
1890,pt,ad,200-400,NA,1
1900,pt,ad,<200,NA,1
1910,es,article,<200,NA,1
1910,pl,article,400-600,NA,1
1920,pl,article,600-800,NA,1
1920,pl,article,>=800,NA,1
1920,es,article,<200,NA,1
1940,hu,article,<200,NA,1
1950,pt,article,200-400,NA,3
1950,en,article,<200,<0.5,4
1950,pt,ad,200-400,NA,1
1950,hu,article,<200,NA,2
1950,hu,article,>=800,NA,67
1950,hu,ad,600-800,NA,1
1950,hu,article,600-800,NA,1
1950,hu,ad,>=800,NA,5
1950,hu,article,400-600,NA,1
1950,es,ad,400-600,NA,1
1960,hu,article,<200,NA,1
1960,pt,article,200-400,NA,2
1960,en,article,400-600,0.5-0.6,1
1960,pt,ad,200-400,NA,4
1960,en,article,400-600,0.6-0.7,1
1970,es,article,200-400,NA,6
1970,hu,ad,<200,NA,2
1970,pt,article,200-400,NA,2
1970,pl,article,<200,NA,1
1970,pt,ad,600-800,NA,1
1980,en,article,200-400,0.7-0.8,7
1980,en,article,200-400,0.5-0.6,1
1980,en,ad,400-600,0.5-0.6,1
1980,en,article,200-400,0.6-0.7,1
1980,es,article,<200,NA,4
1980,pl,ad,600-800,NA,1
1980,en,ad,<200,0.5-0.6,1
1980,pl,article,<200,NA,1
1990,pl,ad,<200,NA,1
1990,es,article,<200,NA,47
1990,en,article,200-400,0.6-0.7,6
1990,pt,article,<200,NA,21
1990,hu,ad,<200,NA,1
1990,es,article,400-600,NA,88
1990,hu,article,<200,NA,3
1990,pl,article,<200,NA,1
1990,es,article,600-800,NA,23
1990,es,article,200-400,NA,214
1990,en,article,200-400,<0.5,1
2000,es,article,600-800,NA,25
2000,pt,article,600-800,NA,52
2000,en,article,400-600,0.7-0.8,2
2000,en,article,<200,<0.5,1
2000,en,article,>=800,0.7-0.8,2
2000,pt,article,400-600,NA,218
2000,en,ad,200-400,0.6-0.7,2
2000,pt,article,200-400,NA,239
2000,pl,article,<200,NA,2
2000,pt,article,<200,NA,11
2000,en,ad,<200,0.5-0.6,4
2000,hu,article,<200,NA,1
2000,pl,article,200-400,NA,1
2000,en,ad,<200,<0.5,2
2000,en,article,200-400,0.6-0.7,1
2000,pt,ad,600-800,NA,1
2000,en,article,400-600,0.6-0.7,1
2000,hu,ad,<200,NA,1
2000,en,article,600-800,0.7-0.8,2
2000,en,article,<200,0.5-0.6,1
2000,es,ad,600-800,NA,2
2010,pt,ad,<200,NA,7
2010,it,article,400-600,NA,21
2010,es,ad,400-600,NA,9
2010,es,ad,600-800,NA,5
2010,es,article,400-600,NA,14
2010,pt,article,400-600,NA,4
2010,en,article,<200,0.6-0.7,2
2010,es,article,>=800,NA,5
2010,en,article,<200,0.7-0.8,8
2010,pt,article,200-400,NA,10
2010,es,ad,>=800,NA,1
2010,pt,article,600-800,NA,4
2010,es,article,600-800,NA,3
2010,en,article,200-400,0.6-0.7,1
2010,en,article,200-400,0.7-0.8,2
2010,hu,ad,<200,NA,1
2010,hu,article,<200,NA,1
2010,es,article,<200,NA,5
2010,en,ad,<200,0.7-0.8,3
2010,en,article,400-600,0.7-0.8,1
1970,es,article,600-800,NA,2
1990,tr,article,>=800,NA,3
1900,da,article,400-600,NA,2
1900,da,article,600-800,NA,1
1900,da,article,>=800,NA,1
1980,tr,article,200-400,NA,1
1990,tr,article,600-800,NA,1
1990,tr,article,200-400,NA,1
1790,de,ad,>=800,>=0.8,13
1790,de,ad,600-800,0.6-0.7,2
1790,de,ad,600-800,>=0.8,1
1790,de,ad,200-400,>=0.8,1
1790,de,article,400-600,NA,2
1790,de,article,>=800,NA,4
1790,de,ad,>=800,NA,2
1950,nl,article,400-600,NA,1
1950,nl,article,>=800,NA,1
1970,la,article,600-800,NA,2
1980,la,article,600-800,NA,1
1830,de,ad,200-400,0.5-0.6,1
1830,de,ad,600-800,0.7-0.8,1
1830,de,ad,<200,0.6-0.7,18
1830,de,ad,<200,0.5-0.6,3
1830,de,ad,200-400,NA,5
1830,de,ad,<200,>=0.8,1
